REG_ANS,Trimestre,Ano,ValorDespesas
316903,1,2025,124677.97
318213,1,2025,9578642.82
314099,1,2025,50566553.02
315648,1,2025,11037437.84
313211,1,2025,30683296.16
314251,1,2025,17771323.75
315494,1,2025,8298927.19
315796,1,2025,106013723.71
317144,1,2025,628048750.62
317896,1,2025,8922170.38
313084,1,2025,11311383.14
314366,1,2025,806568.16
315044,1,2025,50566835.02
316849,1,2025,1680720.58
316997,1,2025,1532924.66
314668,1,2025,45234832.87
314315,1,2025,2726073.09
318299,1,2025,57502692.66
316873,1,2025,31969866.09
313475,1,2025,3534694.43
314218,1,2025,169576703.73
315567,1,2025,44647215.63
321273,1,2025,140101664.97
323055,1,2025,15657912.34
319996,1,2025,325879655.03
320706,1,2025,98591544.35
323942,1,2025,8882598.89
318477,1,2025,26388334.65
320862,1,2025,23954745.69
321044,1,2025,245019635.12
322326,1,2025,2646384.94
324299,1,2025,8188441.83
319180,1,2025,13005088.27
321320,1,2025,7167731.59
323357,1,2025,15769796.59
324175,1,2025,5754603.6
319708,1,2025,63831016.35
323080,1,2025,1224189803.85
323993,1,2025,43696113.83
318566,1,2025,34219043.08
321087,1,2025,12431292.61
321338,1,2025,435104.41
314706,1,2025,2606520.86
315265,1,2025,16646744.58
315729,1,2025,150834801.75
317012,1,2025,14434089.38
318035,1,2025,13766861.42
317233,1,2025,67366195.08
313751,1,2025,9347029.92
316148,1,2025,23947657.09
312851,1,2025,207320407.07
313149,1,2025,1612537.09
315583,1,2025,6815581.45
316881,1,2025,34219703.8
314242,1,2025,9054211.01
317632,1,2025,79274881.76
315478,1,2025,364078213.34
314587,1,2025,10402720.36
314781,1,2025,7763656.15
312720,1,2025,156380661.87
316458,1,2025,6736715.4
335789,1,2025,6105296.57
337498,1,2025,17291994.5
333239,1,2025,327877.36
335215,1,2025,31074591.17
336467,1,2025,3720371.32
331872,1,2025,155893583.45
333051,1,2025,56579286.04
335517,1,2025,19335150.68
335592,1,2025,274672266.16
335614,1,2025,348229978.42
337188,1,2025,67853975.58
336017,1,2025,1646750.07
334154,1,2025,19424752.98
335690,1,2025,733967058.55
337561,1,2025,3955105.21
336831,1,2025,30826123.79
334561,1,2025,165952615.89
335100,1,2025,299531883.53
335258,1,2025,5463962.69
333808,1,2025,14199446.3
335541,1,2025,19215848.32
331651,1,2025,18853216.42
337374,1,2025,63187066.26
331988,1,2025,105221473.72
333867,1,2025,3526107.01
336106,1,2025,81792709.21
334243,1,2025,1552783.22
333662,1,2025,38566184.38
335479,1,2025,98634264.65
335754,1,2025,26705614.17
336858,1,2025,20513161.55
334847,1,2025,3918374.24
335657,1,2025,6364905.83
333875,1,2025,12708670.32
343404,1,2025,430767.0
340952,1,2025,104047887.9
342033,1,2025,183408719.34
343765,1,2025,7160791.16
344141,1,2025,912829.78
338648,1,2025,54412445.11
340251,1,2025,17797777.18
342556,1,2025,52576876.21
343463,1,2025,17891827.33
344184,1,2025,886413.49
343722,1,2025,3123840.54
342131,1,2025,7008542.91
343056,1,2025,1014204.06
343269,1,2025,250136910.73
342343,1,2025,11509174.61
339458,1,2025,1084975.51
342611,1,2025,23187871.73
343676,1,2025,15127374.6
337871,1,2025,50162417.12
339954,1,2025,158596069.24
341819,1,2025,77318.87
343064,1,2025,21907361.5
320820,1,2025,10613737.74
322571,1,2025,28454734.58
320251,1,2025,53956546.13
321931,1,2025,8716081.01
324213,1,2025,703688.09
319384,1,2025,40914121.83
320897,1,2025,18974640.65
319872,1,2025,977782.98
321125,1,2025,4786366.8
323004,1,2025,3772775.0
323926,1,2025,20388450.87
318388,1,2025,24068168.69
320838,1,2025,225171.17
321958,1,2025,73818216.45
323268,1,2025,92513562.33
324159,1,2025,16410418.0
319121,1,2025,132203582.69
319422,1,2025,19734307.55
322831,1,2025,20892275.25
322890,1,2025,1184197.53
884,1,2025,82496034.5
477,1,2025,93880682.42
701,1,2025,1205194240.59
515,1,2025,7096486.67
5711,1,2025,7457669173.86
582,1,2025,1319460931.64
325465,1,2025,8838786.07
329886,1,2025,23629570.34
330809,1,2025,28991675.01
325031,1,2025,19511623.74
327689,1,2025,252571793.11
324493,1,2025,50304469.15
327468,1,2025,6258289.07
328308,1,2025,9871010.1
330264,1,2025,26849551.19
326755,1,2025,45638422.88
330892,1,2025,4631440.87
324345,1,2025,32602982.87
327352,1,2025,7087338.17
329339,1,2025,70412474.69
324523,1,2025,198.58
325236,1,2025,21381591.99
326305,1,2025,5320013593.04
325082,1,2025,3188270.48
327557,1,2025,25883369.57
330281,1,2025,11543820.44
417211,1,2025,16285548.66
417599,1,2025,23245064.99
417947,1,2025,33227214.11
416738,1,2025,18167399.28
417106,1,2025,571094.06
416525,1,2025,2547541.06
417220,1,2025,599121.58
417505,1,2025,136569411.1
417955,1,2025,14884275.22
418137,1,2025,6156864.69
415987,1,2025,1051624.06
416568,1,2025,39208907.06
417131,1,2025,389613.02
418129,1,2025,1425485.53
417297,1,2025,23301503.96
417475,1,2025,1941592.52
417530,1,2025,79987529.2
418021,1,2025,78079233.13
416584,1,2025,10961284.36
416801,1,2025,19055098.88
417815,1,2025,16229856.62
416398,1,2025,16400169.11
416428,1,2025,1053537.38
417661,1,2025,14500394.46
415944,1,2025,25919.95
417548,1,2025,43585275.35
417831,1,2025,811598.87
416410,1,2025,5965.44
416690,1,2025,18237936.28
416401,1,2025,45328501.42
416495,1,2025,17911315.86
418072,1,2025,537026.11
415936,1,2025,9629800.67
417491,1,2025,821312.65
419419,1,2025,8154111.43
419753,1,2025,1967815.52
419052,1,2025,13837570.36
419141,1,2025,26422662.84
419524,1,2025,311634.77
418617,1,2025,10840721.17
418218,1,2025,817683.67
418501,1,2025,2688043.91
418803,1,2025,20938135.77
419010,1,2025,97151125.76
419079,1,2025,14426.14
419427,1,2025,14305920.69
418650,1,2025,36316706.48
419150,1,2025,13607044.11
418226,1,2025,2677120.08
418994,1,2025,152781.96
419591,1,2025,1582541.58
419851,1,2025,2477142.7
418820,1,2025,11404058.95
419249,1,2025,119085600.76
419486,1,2025,14107653.46
419699,1,2025,9865963.2
418731,1,2025,17244812.56
418919,1,2025,11089044.41
419281,1,2025,485947.94
418374,1,2025,24766876.79
418587,1,2025,16756849.44
419028,1,2025,662811.41
419516,1,2025,7489460.18
418170,1,2025,91948117.85
418749,1,2025,1428839.03
415901,1,2025,352014.83
413372,1,2025,4767060.24
415243,1,2025,1068531.01
412252,1,2025,5821498.98
413747,1,2025,1024378.27
413160,1,2025,11632046.35
413283,1,2025,1044671.99
414573,1,2025,18484477.18
414689,1,2025,181850.51
413429,1,2025,4861957.51
414352,1,2025,31677645.55
415014,1,2025,22608827.3
411809,1,2025,2739619.16
414026,1,2025,1797608.68
415626,1,2025,5852962.1
411256,1,2025,117779074.5
412295,1,2025,19594663.92
413267,1,2025,818489.09
414701,1,2025,2048703.73
413518,1,2025,4641466.84
414581,1,2025,46240321.37
415111,1,2025,61834619.22
411868,1,2025,1837953.88
414387,1,2025,1396303.55
408794,1,2025,7756918.99
409405,1,2025,895068.22
397245,1,2025,251416.72
406481,1,2025,22089332.33
410128,1,2025,9757129.18
407534,1,2025,478448.91
408522,1,2025,343968.47
385697,1,2025,92960689.2
389854,1,2025,2976340.62
402206,1,2025,5299613.7
409413,1,2025,3149957.78
386901,1,2025,6608296.55
410292,1,2025,17099464.49
390259,1,2025,2039707.43
401081,1,2025,28854111.64
406554,1,2025,38201727.44
402966,1,2025,4778254.29
409634,1,2025,1980316.14
411248,1,2025,1301686.1
387185,1,2025,7661832.38
406945,1,2025,12551573.88
410608,1,2025,3262438.07
406635,1,2025,1938497.85
408026,1,2025,1008044.92
386588,1,2025,70554984.81
394734,1,2025,20181647.42
403962,1,2025,14399328.71
409243,1,2025,43198704.21
388092,1,2025,2074564.59
392804,1,2025,95285979.76
401480,1,2025,5995847.31
408034,1,2025,1219017.36
409791,1,2025,1499217.31
406805,1,2025,5137807.63
407011,1,2025,1671527.09
410624,1,2025,2129779.54
385620,1,2025,11518543.22
395480,1,2025,18062624.47
406937,1,2025,5185012.86
409286,1,2025,90940.11
404241,1,2025,4039046.38
408093,1,2025,902576.17
410110,1,2025,6629510.58
389358,1,2025,2470049.83
407224,1,2025,1140791.14
407569,1,2025,1699489.76
410888,1,2025,6810325.15
386596,1,2025,30440159.68
402001,1,2025,2644589.97
406813,1,2025,929200.72
408263,1,2025,2268864.04
415065,1,2025,11477004.23
412635,1,2025,5901435.79
414662,1,2025,3299209.22
414905,1,2025,3930553.55
415081,1,2025,601730.21
415693,1,2025,39521298.6
411752,1,2025,55536303.01
412015,1,2025,845364.74
412759,1,2025,6708834.7
413534,1,2025,223013526.13
414212,1,2025,6407809.12
414654,1,2025,1585683.55
411582,1,2025,14113163.94
413330,1,2025,9680561.76
415774,1,2025,39409187.52
414492,1,2025,40984908.36
414930,1,2025,23781357.41
415910,1,2025,621218.84
412058,1,2025,8042144.72
412996,1,2025,2175221.68
413721,1,2025,7471200.33
414310,1,2025,27174540.52
353663,1,2025,95707596.61
353876,1,2025,10035306.19
354066,1,2025,94217661.51
354511,1,2025,37821427.92
351792,1,2025,88076.09
352543,1,2025,34153131.6
352314,1,2025,20291586.39
354562,1,2025,41785372.2
350346,1,2025,5481426.31
354295,1,2025,53079685.47
350770,1,2025,1089676.35
350648,1,2025,8193213.08
351776,1,2025,7138221.99
351407,1,2025,31111696.36
353027,1,2025,16469547.46
353264,1,2025,5754950.58
352331,1,2025,269066965.79
352586,1,2025,16759328.02
331104,1,2025,1084699.55
331341,1,2025,53688518.88
330108,1,2025,27653378.26
324361,1,2025,58779300.54
324566,1,2025,18628240.88
325571,1,2025,238177897.83
326861,1,2025,73551777.82
328375,1,2025,6406115.28
329355,1,2025,11027809.05
327638,1,2025,4517679.06
328294,1,2025,23761669.24
331317,1,2025,72897411.63
327328,1,2025,282159.35
330566,1,2025,25730239.27
324477,1,2025,78780076.37
326500,1,2025,95209247.46
327417,1,2025,59455534.98
330116,1,2025,11095298.53
328537,1,2025,37641327.32
353698,1,2025,3911941.16
354031,1,2025,124873997.5
352179,1,2025,20022424.05
352519,1,2025,4075805.09
354279,1,2025,20298131.02
350371,1,2025,59617575.89
351202,1,2025,191025952.0
353353,1,2025,134337180.41
354325,1,2025,19761629.54
350249,1,2025,75318212.19
352683,1,2025,60148720.57
350494,1,2025,19879556.17
351270,1,2025,8079987.98
353060,1,2025,59400741.43
350699,1,2025,25783800.63
352501,1,2025,851988499.85
304131,1,2025,28161018.18
304395,1,2025,27739091.64
304484,1,2025,14295423.68
305421,1,2025,834787.73
6246,1,2025,6360692010.44
301574,1,2025,52519092.22
302147,1,2025,1414729129.27
301060,1,2025,14557179.87
301744,1,2025,16823670.56
302953,1,2025,98326890.27
303739,1,2025,49698090.18
300713,1,2025,29005674.43
304212,1,2025,2485208.98
304883,1,2025,59072644.98
304441,1,2025,4103796.56
304531,1,2025,2403405.88
302228,1,2025,6285381.92
303356,1,2025,120297038.66
304051,1,2025,25637777.07
301124,1,2025,8674214.82
311391,1,2025,2769928.51
311715,1,2025,33784242.51
311944,1,2025,7795606.64
305626,1,2025,6372970.05
309524,1,2025,7272764.04
311057,1,2025,64547.93
312282,1,2025,9660599.3
307751,1,2025,26734013.09
311359,1,2025,20740389.38
309087,1,2025,16711245.28
305928,1,2025,1621567.86
306126,1,2025,43748678.28
310247,1,2025,67168473.46
312592,1,2025,25704190.69
311618,1,2025,26637627.99
311961,1,2025,32952688.4
311146,1,2025,16579706.97
340782,1,2025,164452269.46
342157,1,2025,2544526.85
342955,1,2025,935937.41
341941,1,2025,4217950.77
342084,1,2025,322176162.17
342807,1,2025,38513434.5
343129,1,2025,6805431.69
343331,1,2025,20913505.93
343684,1,2025,13146366.8
343889,1,2025,1326993867.4
340162,1,2025,1349689.81
342386,1,2025,8622727.49
343731,1,2025,233143699.37
337668,1,2025,140377218.56
338346,1,2025,16994463.06
339679,1,2025,1603725432.27
342203,1,2025,4347354.33
343153,1,2025,3386245.5
345709,1,2025,29741042.65
346004,1,2025,4283389.41
347795,1,2025,1377650.17
348180,1,2025,99279266.97
344397,1,2025,90339321.23
344800,1,2025,76860965.34
345458,1,2025,15986586.53
346951,1,2025,15655349.67
347604,1,2025,2027886.48
344788,1,2025,2827472.18
344915,1,2025,1008771.89
346659,1,2025,1821923779.06
349682,1,2025,71064789.46
350141,1,2025,338708539.61
347825,1,2025,2540263.96
345741,1,2025,1343672.78
346209,1,2025,30302387.0
348295,1,2025,262978468.78
348830,1,2025,55073479.63
347108,1,2025,11836322.2
347655,1,2025,26362019.42
344451,1,2025,4738924.19
345091,1,2025,14961508.1
346870,1,2025,2233707.87
348244,1,2025,21599507.87
345598,1,2025,54264277.3
348082,1,2025,67637898.84
344362,1,2025,48340989.73
345318,1,2025,4458242.11
345776,1,2025,13843328.11
346926,1,2025,339345947.14
347736,1,2025,9167721.04
349712,1,2025,78313550.58
344729,1,2025,35761778.94
346276,1,2025,69841949.11
347507,1,2025,48951221.72
349534,1,2025,27033523.41
344885,1,2025,352427564.39
348261,1,2025,11090679.98
348520,1,2025,218357384.43
423718,1,2025,4823111.7
423564,1,2025,182561.22
424170,1,2025,240338.68
423815,1,2025,5582.14
423629,1,2025,3307898.92
424048,1,2025,609816.24
423432,1,2025,848570.21
423645,1,2025,252458.74
423661,1,2025,22232223.09
423912,1,2025,125920.19
423700,1,2025,1940.05
423548,1,2025,2745276.81
300730,1,2025,894511.87
303178,1,2025,16312706.45
303844,1,2025,9999084.13
304344,1,2025,21327551.93
300136,1,2025,28729013.43
301949,1,2025,164878813.67
304468,1,2025,29450789.28
305227,1,2025,22751546.13
302627,1,2025,9249631.6
304701,1,2025,748372943.59
301728,1,2025,13746674.5
304123,1,2025,12214557.38
303623,1,2025,192029482.97
303267,1,2025,103538271.68
303976,1,2025,376347317.08
306754,1,2025,9584541.37
306886,1,2025,128408414.77
309907,1,2025,34555131.88
311847,1,2025,84920061.47
312347,1,2025,36898177.25
305472,1,2025,23403090.78
306045,1,2025,2400976.28
310239,1,2025,5737112.64
310522,1,2025,47082680.13
311375,1,2025,50162582.39
308811,1,2025,8909998.65
309222,1,2025,502737234.24
312126,1,2025,523884337.14
310981,1,2025,3106742.67
306100,1,2025,37615752.31
306762,1,2025,41616243.03
311294,1,2025,40847753.3
312363,1,2025,1185440919.63
306398,1,2025,135438392.8
307319,1,2025,60966577.25
309028,1,2025,3091834.96
422681,1,2025,23867702.76
423319,1,2025,13661040.54
421766,1,2025,13248066.98
422355,1,2025,868650.49
423408,1,2025,376454.29
422151,1,2025,4131747.65
422746,1,2025,506659.62
422835,1,2025,2922346.6
421871,1,2025,2341437.47
422070,1,2025,13257333.35
423173,1,2025,66088065.98
422304,1,2025,1577022.52
423335,1,2025,10834023.47
422584,1,2025,4724455.75
421723,1,2025,490266.37
420051,1,2025,250403.13
420093,1,2025,1046807.97
420166,1,2025,44169153.85
421341,1,2025,22284895.52
420000,1,2025,16211863.08
420701,1,2025,7271916.03
420930,1,2025,637492.58
421154,1,2025,10975343.38
421561,1,2025,228946.14
419958,1,2025,7583405.57
421197,1,2025,23701189.83
421359,1,2025,3616294.03
421618,1,2025,1358108.8
420786,1,2025,6266876.95
420841,1,2025,2848.8
421189,1,2025,757403.48
421634,1,2025,1120459.57
421707,1,2025,4246798.36
420123,1,2025,2214820.09
421367,1,2025,1484944.68
420816,1,2025,713631.78
421642,1,2025,225.39
420077,1,2025,68954286.56
421006,1,2025,16124343.55
420158,1,2025,21220219.27
419974,1,2025,2536993.71
420085,1,2025,3855833.88
421421,1,2025,61558843.68
420981,1,2025,1516452.39
423181,1,2025,123798.39
423262,1,2025,129517.18
421928,1,2025,91207494.34
422088,1,2025,1006362.67
422321,1,2025,14613755.83
422398,1,2025,23026981.04
422762,1,2025,4203471.04
423351,1,2025,5128852.61
422959,1,2025,1333585.26
423203,1,2025,1695054.63
421731,1,2025,10046468.75
421944,1,2025,13447817.12
422631,1,2025,30838913.81
422771,1,2025,13980899.16
422029,1,2025,61580643.9
422339,1,2025,85271230.7
422371,1,2025,7059441.54
422479,1,2025,20145.68
422827,1,2025,5750070.56
360414,1,2025,15225102.2
357511,1,2025,241599986.26
358053,1,2025,13069639.11
358436,1,2025,4243315.52
359289,1,2025,38608164.19
354619,1,2025,7882867.65
358096,1,2025,22777829.02
356581,1,2025,14803024.07
359033,1,2025,9210445.24
360244,1,2025,69895466.5
355097,1,2025,205749484.27
355593,1,2025,12203787.16
357138,1,2025,33901106.0
357669,1,2025,4861766.63
358754,1,2025,15150464.97
359661,1,2025,555479030.68
354783,1,2025,82022598.47
355721,1,2025,203235488.18
356417,1,2025,98987030.79
357391,1,2025,456988550.14
354627,1,2025,11539294.63
358088,1,2025,60416859.41
358282,1,2025,9339469.38
359122,1,2025,24715870.98
355151,1,2025,82005527.72
357260,1,2025,47107424.96
357715,1,2025,9581090.21
357022,1,2025,21151030.95
358339,1,2025,1541897.63
359777,1,2025,59002483.44
355691,1,2025,142581327.02
356123,1,2025,34643329.44
359017,1,2025,2324392955.22
354678,1,2025,3975337.69
354996,1,2025,7485617.16
356476,1,2025,30663429.02
355577,1,2025,16955857.7
382639,1,2025,456873.43
380661,1,2025,89408933.66
368920,1,2025,21675260.11
369411,1,2025,39431119.43
371254,1,2025,189073136.2
379280,1,2025,50080008.11
378216,1,2025,15362307.3
370568,1,2025,1538227.54
370711,1,2025,1280323.88
371106,1,2025,48096257.97
372561,1,2025,19208762.86
382655,1,2025,1422381.65
384577,1,2025,178455739.89
371629,1,2025,44831438.2
381144,1,2025,1262773.79
370070,1,2025,120972273.99
368253,1,2025,2237412102.98
370592,1,2025,3855297.31
361569,1,2025,4060608.92
366439,1,2025,3954909.93
367613,1,2025,2509608.14
363286,1,2025,11542431.38
366064,1,2025,15822774.97
368148,1,2025,17703860.75
361593,1,2025,2740739.84
361941,1,2025,24729411.76
366561,1,2025,76430767.45
362832,1,2025,7639796.37
364312,1,2025,79962147.88
365238,1,2025,17636719.4
367095,1,2025,90890953.58
363391,1,2025,1719222.12
365777,1,2025,15650515.86
361011,1,2025,145107614.28
366340,1,2025,11926751.98
360449,1,2025,281513464.45
362140,1,2025,23619999.1
363855,1,2025,23347197.14
361615,1,2025,26041769.71
367397,1,2025,74449764.16
360783,1,2025,2938905.88
361461,1,2025,19432786.35
363189,1,2025,2696168.82
365530,1,2025,11108192.56
365645,1,2025,3344445.7
367087,1,2025,70120455.42
364860,1,2025,38063370.34
365785,1,2025,1086154.28
364584,1,2025,103136112.49
362573,1,2025,8965161.25
364070,1,2025,6745701.11
364592,1,2025,14621056.39
385255,1,2025,37360059.48
369292,1,2025,88104666.43
382281,1,2025,788933.35
370975,1,2025,13397734.89
382876,1,2025,606539170.54
372609,1,2025,57895631.85
382540,1,2025,23027132.97
384704,1,2025,6286312.01
379956,1,2025,532364331.52
369659,1,2025,122585549.87
371564,1,2025,8829789.0
371777,1,2025,30735792.89
368555,1,2025,6732582.72
370681,1,2025,43849936.43
370088,1,2025,16142454.09
374440,1,2025,8554336.25
422959,2,2025,2523386.55
419699,2,2025,20909502.19
420077,2,2025,145464612.84
421634,2,2025,2226702.12
421707,2,2025,6286661.14
422681,2,2025,42864445.5
422771,2,2025,33226456.49
421871,2,2025,5256018.08
422151,2,2025,8299016.61
422355,2,2025,1563711.3
422762,2,2025,10363465.64
420786,2,2025,13404376.31
421618,2,2025,2793703.73
422070,2,2025,25914423.11
422479,2,2025,58020.64
424048,2,2025,2202235.11
419249,2,2025,239853500.42
309222,2,2025,1012863450.12
310239,2,2025,11611087.22
311146,2,2025,31679139.96
312282,2,2025,20166934.09
314587,2,2025,21543354.74
315567,2,2025,92627693.39
319384,2,2025,82453904.7
320838,2,2025,482526.64
582,2,2025,2885892838.06
6246,2,2025,12991834225.43
302627,2,2025,21190646.0
304051,2,2025,59146901.36
304441,2,2025,8312125.58
305626,2,2025,13215734.31
310522,2,2025,98516309.38
311618,2,2025,53333951.92
314706,2,2025,5813577.71
316458,2,2025,14080335.54
321044,2,2025,503949903.02
303844,2,2025,22115733.49
304531,2,2025,4821678.04
306398,2,2025,288261820.87
306762,2,2025,84686163.51
356581,2,2025,28495124.67
357138,2,2025,74632588.33
357260,2,2025,99267795.01
361593,2,2025,5917346.12
346209,2,2025,58813712.55
347655,2,2025,56410643.92
350699,2,2025,61336936.88
352519,2,2025,8253237.64
353663,2,2025,201701701.87
357022,2,2025,42811766.22
357669,2,2025,9749995.7
358053,2,2025,52671288.44
358282,2,2025,17667871.55
358754,2,2025,30948585.95
362573,2,2025,19381473.61
369659,2,2025,254957127.42
349682,2,2025,162581764.58
350346,2,2025,10279336.42
351270,2,2025,17572258.72
312347,2,2025,71925901.31
319180,2,2025,27088291.44
322571,2,2025,58070356.2
320251,2,2025,105586275.1
302147,2,2025,2914273233.25
303267,2,2025,222898873.57
303623,2,2025,397267913.01
304123,2,2025,25249570.81
304468,2,2025,60020547.53
306126,2,2025,91761009.0
311294,2,2025,86867929.52
316873,2,2025,66801643.63
319872,2,2025,2179878.38
320862,2,2025,50038078.77
301744,2,2025,32155153.82
302953,2,2025,214844524.81
408026,2,2025,2616248.02
412058,2,2025,15660588.37
414212,2,2025,12261047.37
416801,2,2025,41748279.49
418129,2,2025,3325647.23
370070,2,2025,248909281.99
379956,2,2025,1133339313.24
409243,2,2025,87489264.33
410608,2,2025,7281339.91
412996,2,2025,4364149.36
413551,2,2025,441658.4
414654,2,2025,3145181.67
414930,2,2025,49518559.27
415693,2,2025,80223469.36
415936,2,2025,21454767.68
415944,2,2025,68474.5
416398,2,2025,33487985.95
418218,2,2025,1992772.69
418226,2,2025,5432162.78
418501,2,2025,5963051.24
418587,2,2025,32541248.16
371254,2,2025,384708012.62
374440,2,2025,17598466.37
384704,2,2025,13330213.24
395480,2,2025,37423280.41
408794,2,2025,14991126.78
412759,2,2025,15131467.43
413534,2,2025,452220137.34
415081,2,2025,1214887.52
415910,2,2025,1236405.4
416428,2,2025,23661173.02
406945,2,2025,26430650.24
409634,2,2025,4541562.43
413330,2,2025,18881426.49
414689,2,2025,37997.38
415014,2,2025,44827462.65
370568,2,2025,3788167.37
382540,2,2025,50891781.88
382876,2,2025,1248207240.21
385255,2,2025,76470383.97
386596,2,2025,54324591.2
389358,2,2025,5109739.03
401480,2,2025,11300783.49
403962,2,2025,30691192.81
406635,2,2025,3991639.35
411752,2,2025,105248769.17
414387,2,2025,2868951.25
414662,2,2025,6895564.36
414905,2,2025,29406426.29
415065,2,2025,24810142.57
415901,2,2025,691057.47
416690,2,2025,37941418.35
416738,2,2025,40907020.72
382281,2,2025,2150032.24
410292,2,2025,35021919.47
411582,2,2025,28266018.84
412015,2,2025,1827224.52
414581,2,2025,97183151.35
414701,2,2025,4309167.72
415987,2,2025,2540237.68
416584,2,2025,22439428.38
371564,2,2025,17237308.77
371777,2,2025,62645540.15
372609,2,2025,116823323.02
392804,2,2025,205387976.53
394734,2,2025,37501515.75
312720,2,2025,315536094.14
321320,2,2025,15097426.12
321338,2,2025,534454.41
322326,2,2025,5236122.23
303356,2,2025,250798498.49
305421,2,2025,1857523.92
306100,2,2025,76592114.89
309907,2,2025,67663031.69
319708,2,2025,131388109.08
319996,2,2025,611684334.95
319121,2,2025,283035736.05
884,2,2025,166154854.4
301728,2,2025,28734422.17
301949,2,2025,344095054.38
303178,2,2025,33736120.5
304212,2,2025,6535127.64
308811,2,2025,18174217.92
310247,2,2025,133457427.11
311359,2,2025,43936810.86
311944,2,2025,15646372.44
313149,2,2025,3506367.1
314251,2,2025,36049672.38
314366,2,2025,1684838.61
314668,2,2025,98125264.16
316148,2,2025,52876188.88
320510,2,2025,15034284.94
320820,2,2025,24357879.69
306886,2,2025,262622379.14
312363,2,2025,2395955826.02
313751,2,2025,19751555.95
314781,2,2025,14860834.48
315265,2,2025,36081383.6
315648,2,2025,20769407.11
321087,2,2025,27869222.72
321125,2,2025,9741830.3
304484,2,2025,28439641.78
311391,2,2025,5654324.63
311715,2,2025,69559647.26
312126,2,2025,1094488681.21
312851,2,2025,419456070.52
314242,2,2025,21484933.66
316903,2,2025,256616.39
316997,2,2025,3162872.22
300136,2,2025,57581994.7
300730,2,2025,1774307.22
301124,2,2025,17666864.4
311057,2,2025,168782.68
314315,2,2025,6510668.7
315494,2,2025,17181089.75
317012,2,2025,28076793.35
302228,2,2025,13574824.45
303739,2,2025,102694500.88
304131,2,2025,56513705.71
304395,2,2025,59768119.69
306754,2,2025,21864090.64
422029,2,2025,136842248.95
422398,2,2025,45361007.56
422746,2,2025,1658864.41
423203,2,2025,1724764.95
423645,2,2025,46824.57
423718,2,2025,9528289.08
419010,2,2025,204575307.07
419079,2,2025,27551.21
419851,2,2025,5557124.74
420981,2,2025,3395318.81
421341,2,2025,46276691.87
421421,2,2025,125788780.44
421723,2,2025,1004405.32
422835,2,2025,7638837.46
423572,2,2025,362424.88
419958,2,2025,16021061.67
420271,2,2025,8605719.04
421154,2,2025,22148368.96
419141,2,2025,59162001.33
420093,2,2025,2027600.96
420166,2,2025,89747662.43
422584,2,2025,11891150.32
423441,2,2025,3726339.74
423564,2,2025,502591.14
419419,2,2025,18148728.64
420000,2,2025,31779237.77
421731,2,2025,27431837.35
423629,2,2025,7830911.28
423912,2,2025,177539.47
421944,2,2025,24706430.45
422321,2,2025,30139136.91
422380,2,2025,4309234.67
422720,2,2025,133992296.94
422827,2,2025,13504683.72
423181,2,2025,193847.65
423319,2,2025,25515941.1
423335,2,2025,23568362.8
423432,2,2025,1758742.07
423548,2,2025,8827553.17
423700,2,2025,4188.95
419052,2,2025,27395787.59
419524,2,2025,575542.67
419753,2,2025,4165347.24
420051,2,2025,250403.13
421928,2,2025,204258531.68
422304,2,2025,3083429.75
422487,2,2025,4398249.55
423661,2,2025,41628415.2
423815,2,2025,42489.27
419028,2,2025,1498193.93
419281,2,2025,895985.6
420158,2,2025,51967218.29
421006,2,2025,29923887.01
421642,2,2025,44905.01
422088,2,2025,1395579.77
423173,2,2025,121182324.68
423262,2,2025,184443.88
423351,2,2025,10500838.28
419974,2,2025,4554929.88
420085,2,2025,9140133.42
412635,2,2025,9521909.91
414026,2,2025,3480514.33
417599,2,2025,46133390.26
418919,2,2025,23324463.11
370088,2,2025,30712263.65
370681,2,2025,90329400.04
373109,2,2025,1959451.18
384577,2,2025,351335370.27
408522,2,2025,781012.95
409413,2,2025,6851326.8
411248,2,2025,2694678.21
416568,2,2025,77840876.32
417661,2,2025,31052008.23
417815,2,2025,33032512.88
417831,2,2025,1786930.5
417947,2,2025,65715242.15
417955,2,2025,33075323.22
418021,2,2025,162730437.77
418072,2,2025,42787.27
418170,2,2025,178400198.27
385620,2,2025,22555053.29
388092,2,2025,5542158.64
402966,2,2025,10535920.47
406554,2,2025,64488619.52
408263,2,2025,5071724.85
409405,2,2025,1534134.19
413267,2,2025,1281530.63
414352,2,2025,66826703.71
417475,2,2025,4558960.5
382655,2,2025,3151023.2
386588,2,2025,148862928.44
387185,2,2025,14269458.03
402206,2,2025,10864090.34
410128,2,2025,21054355.5
411868,2,2025,3888404.49
413518,2,2025,10500310.66
414573,2,2025,37735628.89
417505,2,2025,289240007.85
417530,2,2025,165665956.1
417548,2,2025,86880823.2
381144,2,2025,2618186.23
401081,2,2025,56984978.57
407534,2,2025,1223637.54
408093,2,2025,1599671.16
410110,2,2025,13149991.73
411256,2,2025,236001438.97
411809,2,2025,5362028.32
413429,2,2025,9799617.19
415626,2,2025,12784281.17
416401,2,2025,102657208.46
418617,2,2025,20791404.01
417131,2,2025,1155083.28
417211,2,2025,34430645.96
417297,2,2025,47886756.99
390259,2,2025,4160277.75
393321,2,2025,43905275.41
406813,2,2025,2009974.72
407224,2,2025,2476565.63
407569,2,2025,3421666.04
410888,2,2025,14772718.42
412295,2,2025,33568627.1
413747,2,2025,2010709.24
416525,2,2025,4837330.83
370975,2,2025,26558446.92
406481,2,2025,43589309.96
409791,2,2025,2815932.59
415111,2,2025,127412449.35
415243,2,2025,2187146.26
417106,2,2025,1153567.62
418650,2,2025,74095959.55
418731,2,2025,37137007.88
418749,2,2025,3225241.59
370711,2,2025,2705088.01
371106,2,2025,102426115.14
385697,2,2025,204966211.2
408034,2,2025,2052948.83
412252,2,2025,13734492.92
413372,2,2025,9498602.3
414492,2,2025,86997267.79
416495,2,2025,35075235.14
418803,2,2025,44800814.61
418820,2,2025,22459290.15
417491,2,2025,3450053.53
389854,2,2025,6396328.07
404241,2,2025,7846185.33
406805,2,2025,10833601.19
335479,2,2025,202880823.22
342343,2,2025,22301747.8
343684,2,2025,26844963.25
343722,2,2025,7304836.12
344141,2,2025,1975069.55
330108,2,2025,56039804.92
343889,2,2025,2743987638.56
344184,2,2025,2351240.59
344362,2,2025,97444857.47
344729,2,2025,71765195.48
324299,2,2025,15805941.1
325082,2,2025,4811496.75
325236,2,2025,44461237.13
328537,2,2025,76296850.6
331104,2,2025,1400434.54
333239,2,2025,628262.89
334847,2,2025,8264181.79
343056,2,2025,2105135.22
343153,2,2025,6327361.75
343404,2,2025,958045.74
343676,2,2025,30653315.03
323993,2,2025,87455525.2
324523,2,2025,2616.66
333051,2,2025,122189741.77
336831,2,2025,66189401.96
337561,2,2025,8262596.31
343331,2,2025,40504220.9
343731,2,2025,447561043.68
323004,2,2025,8177959.81
329355,2,2025,24071189.44
330281,2,2025,23581922.7
352586,2,2025,31347686.0
353027,2,2025,34321821.64
359777,2,2025,121044689.68
367087,2,2025,145430299.19
353876,2,2025,19503596.98
354511,2,2025,76682468.88
354783,2,2025,172182021.89
355097,2,2025,447034164.11
357391,2,2025,925283690.71
359033,2,2025,18344277.53
361461,2,2025,39091853.55
361941,2,2025,46417970.85
367397,2,2025,157118637.65
368148,2,2025,35103004.51
368253,2,2025,5321963752.13
368555,2,2025,13722210.82
348295,2,2025,554779174.45
351792,2,2025,135421.33
354325,2,2025,38790625.92
354619,2,2025,17010267.8
356123,2,2025,74675062.89
359289,2,2025,84438118.82
359661,2,2025,1182156279.04
360414,2,2025,31639993.46
360449,2,2025,593578726.41
360783,2,2025,6135987.2
346659,2,2025,3836944482.05
347825,2,2025,5200972.67
350494,2,2025,41954394.23
355577,2,2025,34241391.59
360244,2,2025,140666778.13
361011,2,2025,276077474.46
364860,2,2025,82650848.94
345741,2,2025,1788598.6
347108,2,2025,25411657.05
311847,2,2025,172858038.28
312592,2,2025,53734555.32
313084,2,2025,23249455.32
315583,2,2025,10342613.54
318213,2,2025,20612125.09
318299,2,2025,126204442.79
318388,2,2025,54146881.87
320897,2,2025,40782418.35
318566,2,2025,70797934.98
300713,2,2025,59413508.81
304344,2,2025,44313719.46
307319,2,2025,130213893.63
309028,2,2025,6153640.88
310981,2,2025,6604255.39
321273,2,2025,291783449.5
319422,2,2025,41548469.42
321958,2,2025,157820764.29
5711,2,2025,15580421309.02
305928,2,2025,3545196.13
333875,2,2025,26140192.96
336017,2,2025,2058285.03
337188,2,2025,147496588.81
341941,2,2025,8694164.83
342131,2,2025,15910491.97
345318,2,2025,9705056.93
345458,2,2025,32854366.97
342955,2,2025,1956558.78
343064,2,2025,44243420.53
343129,2,2025,14133027.3
325465,2,2025,17130834.56
331341,2,2025,111525315.5
335541,2,2025,33327157.46
343269,2,2025,498513834.93
344451,2,2025,10112122.83
323080,2,2025,2346657264.15
324175,2,2025,12756721.43
324345,2,2025,68786259.63
327417,2,2025,123601124.74
328294,2,2025,49881926.88
330892,2,2025,10680523.01
331872,2,2025,321175784.98
333662,2,2025,86851998.62
337498,2,2025,33431300.64
343765,2,2025,14502441.47
344788,2,2025,6746839.32
330809,2,2025,48511071.58
334243,2,2025,3482190.35
335690,2,2025,1549840122.49
344915,2,2025,1906361.44
323357,2,2025,33196526.71
324493,2,2025,101402556.27
325031,2,2025,40813292.95
326500,2,2025,188905557.01
327328,2,2025,570319.42
327638,2,2025,8717715.04
328375,2,2025,13139705.05
330264,2,2025,57746445.34
352501,2,2025,1793319563.96
354295,2,2025,118438971.85
358339,2,2025,3034540.97
365530,2,2025,22474743.9
367095,2,2025,193003900.93
347736,2,2025,18386511.0
352314,2,2025,42490140.73
355721,2,2025,424086492.19
357715,2,2025,19859327.66
358096,2,2025,46823265.49
361615,2,2025,54001169.81
367613,2,2025,4843723.01
363855,2,2025,45247506.51
346276,2,2025,141703044.4
351407,2,2025,59271435.7
309524,2,2025,15217434.4
314218,2,2025,341876341.75
315044,2,2025,113339183.12
315729,2,2025,313049009.75
317144,2,2025,1299527482.81
701,2,2025,2551076194.89
304701,2,2025,1570957445.64
305227,2,2025,46797483.79
305472,2,2025,46807676.41
306045,2,2025,4274426.66
307751,2,2025,60833525.78
309087,2,2025,39281234.59
313475,2,2025,6745471.91
316881,2,2025,69770489.64
318477,2,2025,48302932.17
303976,2,2025,755713367.14
419486,2,2025,27258850.07
420816,2,2025,1393700.89
353353,2,2025,280163653.3
354678,2,2025,8163449.28
358436,2,2025,9089338.97
363286,2,2025,23321428.86
346004,2,2025,9713997.21
346951,2,2025,32761897.47
349534,2,2025,60783309.08
364312,2,2025,169798622.11
364584,2,2025,209169245.17
364592,2,2025,27675412.43
365238,2,2025,35584269.34
365645,2,2025,3344445.7
365777,2,2025,34503574.49
347604,2,2025,4443066.6
347795,2,2025,2929651.58
348261,2,2025,23801599.69
349712,2,2025,164057710.16
350249,2,2025,155659028.21
351202,2,2025,398218212.97
333867,2,2025,7004477.57
335592,2,2025,563817103.22
335614,2,2025,737351163.02
335789,2,2025,11800819.33
338648,2,2025,85910621.07
340251,2,2025,36737829.18
342203,2,2025,9153189.58
345091,2,2025,32952071.76
345598,2,2025,110436018.94
323942,2,2025,19083372.52
326861,2,2025,146401884.2
329339,2,2025,152730545.52
329886,2,2025,49745661.55
335258,2,2025,10939318.11
336467,2,2025,7594121.52
345709,2,2025,61072346.01
343463,2,2025,37284865.07
334561,2,2025,348316913.49
335517,2,2025,39646106.14
339458,2,2025,2274998.2
344397,2,2025,186479131.93
323055,2,2025,30009428.52
324477,2,2025,151135184.8
330116,2,2025,22438406.43
330566,2,2025,56167832.77
331988,2,2025,225444017.49
335100,2,2025,625659693.57
339954,2,2025,328527767.11
341819,2,2025,67110.06
344800,2,2025,154330703.92
344885,2,2025,705936059.72
327557,2,2025,52754149.64
334154,2,2025,40892509.19
335754,2,2025,53608417.99
337374,2,2025,139606377.69
337668,2,2025,272628853.68
342556,2,2025,117755338.54
323268,2,2025,187318817.04
331651,2,2025,39744795.74
333808,2,2025,28263780.19
336858,2,2025,45085886.25
339679,2,2025,3240599961.22
340782,2,2025,372255298.5
342033,2,2025,375217829.23
324159,2,2025,35078427.44
325571,2,2025,502540169.29
331317,2,2025,155878676.5
410624,2,2025,4560664.05
413721,2,2025,15386735.25
414310,2,2025,56105407.02
415774,2,2025,79712426.36
418137,2,2025,12554328.75
370592,2,2025,8333682.65
379280,2,2025,105441118.31
380661,2,2025,180019223.63
386901,2,2025,15752030.06
406937,2,2025,10724277.58
409286,2,2025,217777.61
413160,2,2025,23827795.48
413283,2,2025,2193204.99
418374,2,2025,42927394.24
417220,2,2025,1259102.52
371629,2,2025,92237289.64
372561,2,2025,39871039.18
378216,2,2025,30097355.72
382639,2,2025,1060725.2
397245,2,2025,554175.16
402001,2,2025,5315723.99
354562,2,2025,99444680.36
358088,2,2025,117992153.24
359122,2,2025,47848243.98
361569,2,2025,7189599.99
362832,2,2025,16690374.25
368920,2,2025,43504780.43
363189,2,2025,5027404.53
363391,2,2025,3361471.76
364070,2,2025,14274947.07
351776,2,2025,14807695.92
352543,2,2025,76772104.52
352683,2,2025,126164827.0
353698,2,2025,9154788.9
355151,2,2025,169140759.33
359017,2,2025,5088413413.39
362140,2,2025,44396797.03
350371,2,2025,120096501.75
353060,2,2025,121043963.68
354031,2,2025,252463291.44
354996,2,2025,15856479.89
365785,2,2025,2288773.59
366064,2,2025,34863050.55
366340,2,2025,24812556.04
348520,2,2025,463184706.76
352179,2,2025,41031301.71
352331,2,2025,568147529.45
354279,2,2025,39358062.08
355691,2,2025,297333432.24
366439,2,2025,9249481.51
366561,2,2025,155367941.54
356417,2,2025,208412623.73
356476,2,2025,63668928.53
348180,2,2025,194996159.54
315478,2,2025,784078399.3
321931,2,2025,21393216.75
317233,2,2025,159943319.52
317632,2,2025,165782544.0
304883,2,2025,127057026.39
311375,2,2025,102361428.76
311961,2,2025,62821078.86
313211,2,2025,66801433.15
314099,2,2025,105964666.96
315796,2,2025,225075974.23
316849,2,2025,3525658.57
317896,2,2025,17663384.22
318035,2,2025,27391012.57
320706,2,2025,203546135.98
515,2,2025,10420156.42
301060,2,2025,28521176.99
301574,2,2025,113227731.13
353264,2,2025,12387997.38
354066,2,2025,187842398.08
354627,2,2025,24641486.35
369292,2,2025,185991846.62
369411,2,2025,78455114.47
346926,2,2025,669999806.91
348082,2,2025,132312800.95
348244,2,2025,46575840.02
348830,2,2025,113681799.6
355593,2,2025,24660019.89
357511,2,2025,499674603.46
345776,2,2025,28380794.05
347507,2,2025,104924529.26
350141,2,2025,691894411.29
350648,2,2025,16736802.08
350770,2,2025,2332716.4
336106,2,2025,171855305.63
337871,2,2025,97869421.37
340952,2,2025,216671375.25
342084,2,2025,657586799.13
342386,2,2025,18238358.18
342807,2,2025,82417843.63
323926,2,2025,45068771.44
324361,2,2025,123819747.83
326755,2,2025,100018909.29
327689,2,2025,505372770.2
329665,2,2025,13533926.38
335215,2,2025,67688771.51
335657,2,2025,14193274.38
338346,2,2025,37010167.36
340162,2,2025,2684814.87
342157,2,2025,6574826.09
342611,2,2025,58774072.53
322831,2,2025,45949032.26
322890,2,2025,2540129.27
324213,2,2025,1620417.3
324566,2,2025,39839827.36
326305,2,2025,10839042884.31
327352,2,2025,13753417.87
327468,2,2025,11773260.33
328308,2,2025,21577507.37
422371,2,2025,16234800.56
422631,2,2025,43188352.46
424188,2,2025,1197155075.33
421197,2,2025,49023885.34
421359,2,2025,7220908.63
422941,2,2025,2840.0
419591,2,2025,2672342.51
420123,2,2025,4099306.24
421189,2,2025,1922492.24
422339,2,2025,183961958.04
422754,2,2025,183297.47
419150,2,2025,29187808.12
421766,2,2025,33522782.96
422053,2,2025,0.17
424170,2,2025,763390.55
418994,2,2025,306660.48
419427,2,2025,30148713.41
420701,2,2025,16431184.17
420930,2,2025,694498.78
421561,2,2025,416773.42
344800,3,2025,230068808.69
347507,3,2025,165412888.14
347736,3,2025,27744924.06
336831,3,2025,104590366.1
343064,3,2025,66102333.91
343722,3,2025,11410079.31
346276,3,2025,216698386.76
327557,3,2025,79020326.76
331651,3,2025,61566261.06
337561,3,2025,12953599.93
340251,3,2025,54798908.65
342955,3,2025,3054185.52
343676,3,2025,47126791.54
344141,3,2025,3060663.52
345776,3,2025,42009205.62
346926,3,2025,1012203667.64
348295,3,2025,862959211.14
325571,3,2025,789562113.14
328308,3,2025,34212888.61
329665,3,2025,25494375.89
334847,3,2025,13782818.25
348082,3,2025,201447754.37
348244,3,2025,73333330.05
335479,3,2025,301736996.64
338648,3,2025,132672755.59
343269,3,2025,773795295.8
344397,3,2025,274945565.74
345318,3,2025,14734120.11
324566,3,2025,59453777.08
326755,3,2025,157202442.02
328537,3,2025,119609092.34
330108,3,2025,85965725.17
330281,3,2025,36049492.27
341941,3,2025,12639124.29
343056,3,2025,3342922.31
344885,3,2025,1103898898.42
326305,3,2025,16520110697.94
327352,3,2025,21903269.05
327468,3,2025,19151784.17
327689,3,2025,766086235.58
331104,3,2025,2153499.99
335541,3,2025,45585846.42
336017,3,2025,3263301.0
337188,3,2025,223963804.52
342084,3,2025,995100758.85
342157,3,2025,10444381.76
342611,3,2025,96336249.93
343463,3,2025,58605961.72
343765,3,2025,22115699.11
357391,3,2025,1459999048.2
360783,3,2025,10091479.91
361461,3,2025,60862057.42
361615,3,2025,82449193.43
362140,3,2025,68025380.83
364312,3,2025,262206415.06
366064,3,2025,54061586.04
369292,3,2025,282111797.35
370070,3,2025,386181669.87
370568,3,2025,6060637.8
350141,3,2025,1069577610.78
350648,3,2025,26327135.45
355577,3,2025,54301537.18
356123,3,2025,119177722.54
357669,3,2025,14572073.87
367613,3,2025,7269409.53
418170,3,2025,268808689.39
418374,3,2025,69703213.56
379956,3,2025,1779106041.96
382540,3,2025,80824158.13
386596,3,2025,85369517.26
397245,3,2025,825783.87
402001,3,2025,7951592.6
410624,3,2025,7185229.14
412252,3,2025,20458473.34
414654,3,2025,4822198.62
414905,3,2025,45011721.09
418587,3,2025,50010920.94
418731,3,2025,58072682.95
389358,3,2025,15283596.29
406813,3,2025,3105866.87
407224,3,2025,3867936.43
408093,3,2025,3621592.46
409286,3,2025,365537.8
413372,3,2025,15233340.95
415081,3,2025,2128582.21
417831,3,2025,2861907.62
417947,3,2025,98194437.41
418617,3,2025,31718909.87
411868,3,2025,6868971.96
415774,3,2025,122058146.56
419052,3,2025,44395876.9
402966,3,2025,14254727.79
406554,3,2025,107815721.09
408522,3,2025,997622.63
409413,3,2025,10347010.62
411248,3,2025,4063880.58
412635,3,2025,12879584.55
413518,3,2025,16190446.15
414352,3,2025,101772578.34
414573,3,2025,57747130.19
416568,3,2025,118761179.32
417599,3,2025,67810657.23
418749,3,2025,4900428.37
419028,3,2025,2384196.45
379280,3,2025,163211235.46
407534,3,2025,2049742.37
408263,3,2025,7845656.88
409405,3,2025,2393474.47
410888,3,2025,23680208.32
412295,3,2025,48791665.88
413429,3,2025,14680517.09
417106,3,2025,1845486.19
417491,3,2025,9886543.09
418218,3,2025,3661818.59
418501,3,2025,9672460.16
380661,3,2025,241725766.71
382639,3,2025,1793692.4
386901,3,2025,27048782.85
389854,3,2025,9720477.08
401081,3,2025,84540282.47
410128,3,2025,32595645.69
413267,3,2025,1967494.74
413747,3,2025,3003964.17
414930,3,2025,76881173.15
415987,3,2025,3987980.35
417220,3,2025,1990219.6
385620,3,2025,33809968.08
388092,3,2025,9574322.28
395480,3,2025,55371055.85
412058,3,2025,23346103.38
413330,3,2025,28423070.96
413534,3,2025,684633022.22
414581,3,2025,146566920.35
415910,3,2025,1842852.61
415944,3,2025,117684.33
417297,3,2025,72821738.94
418994,3,2025,478543.31
419150,3,2025,49659146.2
382281,3,2025,3713102.88
407011,3,2025,2607537.21
409243,3,2025,136312569.09
410608,3,2025,11350210.14
415626,3,2025,20649307.54
416410,3,2025,56469.49
417475,3,2025,6949073.09
417815,3,2025,49586350.2
417840,3,2025,1858605.97
417955,3,2025,54269827.41
419010,3,2025,325470913.48
384577,3,2025,528228306.55
401480,3,2025,17465204.38
406635,3,2025,6186434.73
408794,3,2025,23556806.29
411582,3,2025,43380301.26
416428,3,2025,26919092.09
417505,3,2025,418903169.71
418137,3,2025,19386751.3
419079,3,2025,33781.05
403962,3,2025,46627267.3
408026,3,2025,4135114.55
409634,3,2025,6639891.78
412759,3,2025,25519374.15
414387,3,2025,4475875.23
414701,3,2025,6581015.27
415014,3,2025,60708665.49
416584,3,2025,34485466.6
416801,3,2025,67040518.67
418129,3,2025,6008312.62
418226,3,2025,9020463.39
382655,3,2025,5105725.11
390259,3,2025,6286214.89
414026,3,2025,4963282.52
414689,3,2025,93261.5
418650,3,2025,120503553.87
418803,3,2025,68505495.58
419141,3,2025,92080649.45
381144,3,2025,4240096.24
386588,3,2025,229406650.27
387185,3,2025,20009984.42
406945,3,2025,39924860.79
410292,3,2025,56864346.84
411752,3,2025,145515020.26
412015,3,2025,3101392.74
415243,3,2025,3449971.84
415901,3,2025,1003844.53
416398,3,2025,52513648.65
417131,3,2025,1741035.88
370975,3,2025,39065238.89
351202,3,2025,615005472.58
364584,3,2025,319674532.96
364860,3,2025,132279478.68
366340,3,2025,37667682.48
354562,3,2025,161372210.63
355721,3,2025,657186831.91
361941,3,2025,68297194.78
364070,3,2025,21611615.58
365530,3,2025,35182259.23
368555,3,2025,21447924.52
358282,3,2025,28295615.51
359777,3,2025,187275247.3
368148,3,2025,52945778.15
369659,3,2025,397428664.8
371629,3,2025,144449482.02
372561,3,2025,61585604.35
378216,3,2025,46491568.89
348830,3,2025,168066113.01
349712,3,2025,254777293.13
350249,3,2025,232085912.53
353264,3,2025,18863813.92
354295,3,2025,186476790.48
355593,3,2025,39978083.0
357715,3,2025,31370774.91
371106,3,2025,162989562.81
374440,3,2025,26035595.41
354511,3,2025,117645144.65
358754,3,2025,38396409.56
365777,3,2025,56734977.9
366561,3,2025,230817392.01
370592,3,2025,12807026.87
350371,3,2025,182974550.94
351407,3,2025,92030028.16
351776,3,2025,21770578.56
352519,3,2025,11781113.06
352586,3,2025,49722979.2
353027,3,2025,51426626.35
353876,3,2025,29040868.69
354066,3,2025,290170797.59
354627,3,2025,38714962.51
354783,3,2025,266175357.23
355097,3,2025,662366558.64
356476,3,2025,99969811.19
357260,3,2025,150897358.14
359033,3,2025,30727904.74
360414,3,2025,47523235.92
361569,3,2025,10568814.3
362573,3,2025,31340604.67
367095,3,2025,291735114.05
368920,3,2025,69458429.67
359122,3,2025,73888738.05
361593,3,2025,9278320.41
363286,3,2025,36027061.68
364592,3,2025,39231177.62
365785,3,2025,3540336.53
367397,3,2025,242362198.57
370681,3,2025,136490019.79
350494,3,2025,65299890.58
352501,3,2025,2807140036.21
353698,3,2025,14714439.92
355151,3,2025,256078391.66
356581,3,2025,43700437.67
357511,3,2025,763390244.45
358339,3,2025,4554328.88
345091,3,2025,50316354.72
345741,3,2025,1856157.66
346659,3,2025,5933317383.63
348180,3,2025,286564805.93
328294,3,2025,77193648.87
333662,3,2025,138893757.31
335592,3,2025,864354593.27
335789,3,2025,18221573.61
337668,3,2025,405431554.69
342131,3,2025,33271766.77
343153,3,2025,9013214.17
343889,3,2025,4280319036.36
346209,3,2025,86736471.66
347108,3,2025,40244154.64
347825,3,2025,8036653.96
330892,3,2025,16823210.52
331341,3,2025,172182117.04
335258,3,2025,17130658.61
335614,3,2025,1213177893.18
340782,3,2025,557379598.59
342556,3,2025,188117731.42
344362,3,2025,146384165.34
347795,3,2025,4489685.47
348261,3,2025,36696490.05
327638,3,2025,14158542.98
328375,3,2025,20579153.67
330809,3,2025,71684442.83
335517,3,2025,63938499.39
336858,3,2025,72329783.97
339954,3,2025,518424666.68
343331,3,2025,61248746.56
348520,3,2025,702951195.6
327417,3,2025,191973932.28
330264,3,2025,90221474.88
333867,3,2025,10391658.52
335100,3,2025,979689796.82
341819,3,2025,96817.14
343684,3,2025,42695223.99
343731,3,2025,715508786.35
346004,3,2025,15085246.81
346951,3,2025,51066206.31
325031,3,2025,59890199.49
329339,3,2025,238043635.1
329886,3,2025,77936042.79
331988,3,2025,354556305.35
343129,3,2025,22051865.38
344184,3,2025,3279364.79
347604,3,2025,6933909.5
325465,3,2025,26819849.93
326500,3,2025,285185925.67
327328,3,2025,929642.14
334561,3,2025,547591438.53
335754,3,2025,83442675.51
337374,3,2025,219635810.34
344451,3,2025,16075893.38
418021,3,2025,237115667.66
392804,3,2025,310615943.07
404241,3,2025,11900423.79
406805,3,2025,17847734.37
408034,3,2025,2951436.44
409791,3,2025,4288318.27
412996,3,2025,6561049.01
414662,3,2025,10842645.0
415936,3,2025,33870101.17
416401,3,2025,159653091.64
416690,3,2025,60727066.44
417530,3,2025,255869630.28
418820,3,2025,38246527.28
382876,3,2025,1875431459.94
385255,3,2025,118389420.66
406937,3,2025,16943984.15
413551,3,2025,645496.62
414212,3,2025,18600082.65
415065,3,2025,39930445.13
415111,3,2025,190157817.72
416495,3,2025,53509624.9
417661,3,2025,49163683.53
300713,3,2025,89704349.77
301060,3,2025,44476632.0
301124,3,2025,26502244.0
301574,3,2025,180542958.56
301728,3,2025,45069910.94
701,3,2025,3977157127.83
5711,3,2025,24116517223.0
6246,3,2025,20047570696.4
300730,3,2025,2633813.12
301744,3,2025,49086995.32
301949,3,2025,549197675.81
321125,3,2025,15212795.95
304883,3,2025,180572744.36
306398,3,2025,445493766.69
306762,3,2025,129467491.4
309222,3,2025,1590274861.63
310239,3,2025,18135913.58
311146,3,2025,47025844.27
311715,3,2025,111417356.19
312126,3,2025,1695873845.46
315729,3,2025,478871009.48
318566,3,2025,107467350.44
319708,3,2025,203162269.55
320838,3,2025,776790.64
323080,3,2025,3642687401.92
324175,3,2025,22317147.2
324345,3,2025,108637217.33
310522,3,2025,168212837.87
312851,3,2025,645709368.46
313475,3,2025,10732633.78
314099,3,2025,163903679.15
371254,3,2025,603653817.53
350770,3,2025,3574500.04
352179,3,2025,65193145.45
365238,3,2025,53197957.77
370711,3,2025,4250320.34
352331,3,2025,896361882.13
353663,3,2025,318588778.77
357022,3,2025,63540138.0
358088,3,2025,178139515.22
363189,3,2025,7523037.02
363855,3,2025,71260053.41
321087,3,2025,44163540.23
321338,3,2025,711454.41
302627,3,2025,32103820.24
303178,3,2025,53283704.84
304212,3,2025,13298791.72
310247,3,2025,207270429.13
312347,3,2025,109159899.34
316997,3,2025,4987558.38
317144,3,2025,1994659926.54
318213,3,2025,34893158.75
319996,3,2025,939046852.29
320510,3,2025,20458826.55
323942,3,2025,29396832.57
304051,3,2025,90181493.75
305421,3,2025,2674955.91
306100,3,2025,118061681.95
311359,3,2025,71061792.08
314706,3,2025,9599511.65
321320,3,2025,22893415.38
323055,3,2025,46354582.89
324159,3,2025,54613917.9
311847,3,2025,265639407.1
313211,3,2025,97555159.95
313971,3,2025,36918032.69
319422,3,2025,64092576.87
324477,3,2025,229483733.91
303356,3,2025,398578039.15
304484,3,2025,44978313.99
306886,3,2025,406064541.05
311057,3,2025,272538.71
311391,3,2025,8234286.75
312592,3,2025,84054732.52
313084,3,2025,35874977.47
315796,3,2025,363628155.94
316849,3,2025,6654831.48
318477,3,2025,69569180.54
320820,3,2025,39205490.96
419591,3,2025,4566553.13
420077,3,2025,226608243.97
421928,3,2025,350509294.33
423441,3,2025,7171650.97
421634,3,2025,3595069.69
424048,3,2025,4489517.21
424463,3,2025,40578.82
345458,3,2025,51636180.86
345709,3,2025,97278926.36
326861,3,2025,217105089.65
330116,3,2025,34497210.01
330566,3,2025,88769778.33
331317,3,2025,236682508.02
334154,3,2025,63428134.28
335215,3,2025,106282788.27
340952,3,2025,331413023.93
342386,3,2025,29408220.89
342807,3,2025,131521805.88
344788,3,2025,10722319.18
344915,3,2025,2802710.63
333808,3,2025,44742792.62
335657,3,2025,21929768.18
336106,3,2025,265500541.94
337871,3,2025,148817003.55
339458,3,2025,3447719.47
342033,3,2025,583437192.72
342203,3,2025,14226198.53
303267,3,2025,349466221.52
304344,3,2025,68108512.32
311944,3,2025,24707811.03
314587,3,2025,33325017.72
315583,3,2025,14725289.1
317012,3,2025,43119382.85
323004,3,2025,14278096.82
323993,3,2025,134659103.16
324523,3,2025,4515.65
303623,3,2025,609816851.75
307319,3,2025,208621206.54
309028,3,2025,9656015.65
313149,3,2025,5475729.97
314251,3,2025,55126013.03
314781,3,2025,23979498.25
315478,3,2025,1205277865.35
320706,3,2025,309801384.8
323268,3,2025,286915922.52
302228,3,2025,21291572.47
303739,3,2025,157841647.66
309524,3,2025,23111335.03
314218,3,2025,516405096.06
314315,3,2025,10293846.15
314668,3,2025,148548328.77
316903,3,2025,374581.83
317632,3,2025,255626466.56
322326,3,2025,8237804.91
304131,3,2025,87696762.78
304395,3,2025,91475484.58
306754,3,2025,33069795.28
309087,3,2025,61399065.14
311961,3,2025,128632697.22
315044,3,2025,175221159.48
315494,3,2025,28900581.13
316458,3,2025,20991720.15
321044,3,2025,775645700.49
321273,3,2025,448106711.89
322890,3,2025,4011171.78
323926,3,2025,68046734.27
303976,3,2025,1139055607.54
304701,3,2025,2463946680.97
310981,3,2025,10135635.36
311618,3,2025,80013244.36
312282,3,2025,33493963.56
314366,3,2025,2659162.35
319872,3,2025,3253866.41
320862,3,2025,78084221.99
322831,3,2025,73450883.32
324213,3,2025,2527176.23
324361,3,2025,189679416.3
305227,3,2025,73846559.63
305472,3,2025,73063177.93
306045,3,2025,6537741.3
307751,3,2025,93590998.2
311294,3,2025,129834469.58
315648,3,2025,33701793.91
319121,3,2025,450016502.85
345598,3,2025,175420552.71
347655,3,2025,91689334.22
325082,3,2025,10916185.09
325236,3,2025,72550823.99
331872,3,2025,493505594.06
334243,3,2025,5482338.74
338346,3,2025,57226041.34
343404,3,2025,1459835.2
329355,3,2025,38481517.96
333051,3,2025,188363295.87
333239,3,2025,949872.53
333875,3,2025,40177959.53
335690,3,2025,2385322130.07
336467,3,2025,12543297.48
337498,3,2025,51420796.61
339679,3,2025,4879495499.11
340162,3,2025,2499403.42
342343,3,2025,33268176.52
344729,3,2025,107840044.25
369411,3,2025,121509445.38
370088,3,2025,47084385.93
373109,3,2025,3123590.18
352314,3,2025,67881344.81
352683,3,2025,197136701.3
354678,3,2025,13125764.23
356417,3,2025,323561866.82
361011,3,2025,417413566.52
367087,3,2025,227670425.26
349682,3,2025,258649691.57
350699,3,2025,94794780.13
353353,3,2025,434144478.89
354031,3,2025,388222646.03
354279,3,2025,57950655.55
357138,3,2025,116433037.04
358053,3,2025,114283799.48
359017,3,2025,7761739658.56
360449,3,2025,933735045.07
362832,3,2025,27793332.2
421189,3,2025,3065643.56
421618,3,2025,4013116.69
422070,3,2025,46688913.46
422487,3,2025,7198961.15
423203,3,2025,2751278.58
423351,3,2025,15808784.23
423432,3,2025,2026350.15
420786,3,2025,20435088.44
422304,3,2025,5068751.25
422681,3,2025,58963369.22
422771,3,2025,57822769.66
423629,3,2025,13396673.71
424170,3,2025,1770977.42
582,3,2025,4534185104.08
884,3,2025,251244185.15
300136,3,2025,86687647.99
302147,3,2025,4430731709.41
515,3,2025,14906323.44
419249,3,2025,373122903.03
384704,3,2025,21377285.41
385697,3,2025,318950999.37
394734,3,2025,54739285.7
406481,3,2025,66926139.62
407569,3,2025,5078171.33
410110,3,2025,19252669.63
411809,3,2025,8508029.61
413160,3,2025,38372032.59
413283,3,2025,3720789.1
413721,3,2025,24058481.4
414492,3,2025,139540863.07
415693,3,2025,121197697.22
417548,3,2025,135887359.6
418919,3,2025,37545480.27
402206,3,2025,17120162.81
411256,3,2025,360223380.77
414310,3,2025,88520000.22
416525,3,2025,7104349.5
416738,3,2025,64133260.6
417211,3,2025,53984001.84
321958,3,2025,243376663.66
302953,3,2025,336581569.06
304123,3,2025,39310678.2
304468,3,2025,93148957.31
305928,3,2025,5430331.87
311375,3,2025,160989041.33
312363,3,2025,3613776150.41
313751,3,2025,31089023.19
316148,3,2025,83794074.05
316881,3,2025,107878204.12
317233,3,2025,260590626.51
318035,3,2025,43722355.9
318388,3,2025,86564584.43
324299,3,2025,22117501.76
306126,3,2025,141276585.33
312720,3,2025,502763953.6
319384,3,2025,124976371.79
320251,3,2025,165002304.33
350346,3,2025,15998625.69
351270,3,2025,27363816.27
352543,3,2025,138144254.16
354996,3,2025,24689552.66
368253,3,2025,7758438096.48
371564,3,2025,25422787.71
371777,3,2025,101656205.03
372609,3,2025,177981572.23
353060,3,2025,188423146.25
354325,3,2025,61465279.37
354619,3,2025,26496738.32
355691,3,2025,465709974.66
358096,3,2025,70897606.69
358436,3,2025,14106490.72
359661,3,2025,1859257411.31
360244,3,2025,212572129.27
363391,3,2025,5007333.9
365645,3,2025,4147627.69
366439,3,2025,16242543.19
419699,3,2025,29946522.91
422398,3,2025,66717064.62
422584,3,2025,21047177.99
424188,3,2025,1800511827.15
422746,3,2025,2858933.71
423319,3,2025,39800415.29
423912,3,2025,392745.75
419486,3,2025,43617498.39
420158,3,2025,84512872.23
420816,3,2025,2099745.5
421006,3,2025,44913641.87
422088,3,2025,2485439.08
422321,3,2025,49963243.52
422827,3,2025,21675766.53
419281,3,2025,1253390.84
420085,3,2025,14564781.09
421642,3,2025,756463.52
421944,3,2025,40651897.45
423645,3,2025,346302.82
304441,3,2025,12213076.08
308811,3,2025,28565682.16
314242,3,2025,33842906.44
315265,3,2025,56539542.06
315567,3,2025,137906675.57
316873,3,2025,103379946.3
317896,3,2025,28013289.33
320897,3,2025,66405785.58
321931,3,2025,35380820.19
322571,3,2025,92121812.49
323357,3,2025,53476382.58
324493,3,2025,155226358.56
303844,3,2025,34922295.76
304531,3,2025,7285855.03
305626,3,2025,21171749.18
309907,3,2025,100611799.04
311472,3,2025,4262970.73
319180,3,2025,42979858.61
419516,3,2025,22577743.58
420093,3,2025,3267960.1
421723,3,2025,1722966.08
422029,3,2025,217269796.46
422835,3,2025,12199345.8
419419,3,2025,28396277.67
419974,3,2025,7158334.84
420166,3,2025,134232308.87
422339,3,2025,299940659.04
422754,3,2025,548509.12
423548,3,2025,8827553.17
423661,3,2025,67955530.72
419851,3,2025,8522173.47
420701,3,2025,27662722.82
420930,3,2025,694498.78
421197,3,2025,75006630.9
421359,3,2025,12024314.37
421561,3,2025,611619.34
421871,3,2025,7817305.87
422355,3,2025,2262236.46
422720,3,2025,197445078.81
423572,3,2025,1558567.99
419958,3,2025,24534878.52
420123,3,2025,6426167.13
422151,3,2025,14541059.27
422959,3,2025,3777397.11
423718,3,2025,6478653.45
423815,3,2025,84655.74
420271,3,2025,13415598.62
421154,3,2025,40517696.7
422371,3,2025,27807812.53
422941,3,2025,2840.0
423335,3,2025,40609005.87
419427,3,2025,52966648.0
420000,3,2025,48437458.9
421731,3,2025,61167461.29
422479,3,2025,102584.8
422762,3,2025,16601349.03
423181,3,2025,205684.38
423262,3,2025,197306.18
421421,3,2025,189193948.95
421766,3,2025,57858804.19
423173,3,2025,149697440.0
419524,3,2025,869935.51
419753,3,2025,6190499.94
420981,3,2025,5387168.17
421341,3,2025,71107293.62
422053,3,2025,0.17
422631,3,2025,33191605.67
423408,3,2025,327538.66
423564,3,2025,913832.35
423700,3,2025,87264.22
