Razao_Social,UF,Total_Despesas,Media_Trimestral,Desvio_Padrao
BRADESCO SAÚDE S.A.,RJ,47154607705.88,15718202568.63,8330278647.06
SUL AMERICA COMPANHIA DE SEGURO SAÚDE,RJ,39400096932.27,13133365644.09,6844536901.64
AMIL ASSISTÊNCIA MÉDICA INTERNACIONAL S.A.,SP,32679167175.29,10893055725.1,5600243908.08
HAPVIDA ASSISTENCIA MEDICA S.A.,CE,15317813951.59,5105937983.86,2766845198.89
NOTRE DAME INTERMÉDICA SAÚDE S.A.,SP,15174546027.17,5058182009.06,2718799412.69
CAIXA DE ASSISTÊNCIA DOS FUNCIONÁRIOS DO BANCO DO BRASIL,DF,11592185644.74,3864061881.58,2055830940.99
UNIMED NACIONAL - COOPERATIVA CENTRAL,SP,9723820892.6,3241273630.87,1637885137.33
PREVENT SENIOR PRIVATE OPERADORA DE SAÚDE LTDA,SP,8759734071.93,2919911357.31,1508009194.99
PORTO SEGURO - SEGURO SAÚDE S/A,SP,8739538873.78,2913179624.59,1607535785.84
UNIMED BELO HORIZONTE COOPERATIVA DE TRABALHO MÉDICO,MG,8351300542.32,2783766847.44,1477064378.25
UNIMED SEGUROS SAÚDE S/A,SP,7733427563.31,2577809187.77,1386174791.19
GEAP AUTOGESTÃO EM SAÚDE,DF,7213534469.92,2404511489.97,1210286326.27
UNIMED DO EST. DO RJ FEDERAÇÃO EST. DAS COOPERATIVAS MÉDICAS,RJ,7195172896.06,2398390965.35,1214169446.86
UNIMED PORTO ALEGRE - COOPERATIVA MÉDICA LTDA.,RS,5452448100.02,1817482700.01,977799711.29
UNIMED CURITIBA - SOCIEDADE COOPERATIVA DE MÉDICOS,PR,4783277070.2,1594425690.07,858027610.84
UNIMED CAMPINAS - COOPERATIVA DE TRABALHO MÉDICO,SP,4669129311.11,1556376437.04,825696939.33
UNIMED DE FORTALEZA SOCIEDADE COOPERATIVA MÉDICA LTDA.,CE,3922236159.97,1307412053.32,683339704.23
UNIMED GOIANIA COOPERATIVA DE TRABALHO MÉDICO,GO,3730177870.69,1243392623.56,634459845.79
OMINT SERVIÇOS DE SAÚDE S.A.,SP,3596892721.03,1198964240.34,652051682.86
CARE PLUS MEDICINA ASSISTENCIAL LTDA.,SP,3444809686.72,1148269895.57,623504943.73
FUNDAÇÃO SAÚDE ITAÚ,MG,3314246863.81,1104748954.6,586062118.56
GRUPO HOSPITALAR DO RIO DE JANEIRO LTDA,RJ,3105875545.99,1035291848.66,544115610.46
SERV  SOCIAL AUTÔNOMO DE ASSIST À SAÚDE DOS SERV PÚBLICOS E MILITARES DE GOIÁS,GO,2997666902.48,1498833451.24,426637650.69
UNIMED VITORIA COOPERATIVA DE TRABALHO MEDICO,ES,2842271289.05,947423763.02,501871648.84
FUNDAÇÃO CESP,SP,2353434477.99,784478159.33,420599968.49
SAMEDIL SERVIÇOS DE ATENDIMENTO MÉDICO S/A,ES,2298759034.62,766253011.54,433197658.64
UNIMED BELÉM COOPERATIVA DE TRABALHO MÉDICO,PA,2271116291.76,757038763.92,381355872.63
UNIMED RECIFE COOPERATIVA DE TRABALHO MÉDICO,PE,2162262522.53,720754174.18,375954749.74
FUNDAÇÃO ASSISTENCIAL DOS SERVIDORES DO MINISTÉRIO DA FAZENDA,DF,2021549421.69,673849807.23,336445381.73
UNIMED CUIABA COOPERATIVA DE TRABALHO MÉDICO,MT,1974863720.15,658287906.72,336462846.19
UNIMED SAO JOSÉ DO RIO PRETO - COOP. DE TRABALHO MÉDICO,SP,1904881373.92,634960457.97,340174330.18
UNIMED DO ESTADO DE SÃO PAULO - FEDERAÇÃO ESTADUAL DAS COOP. MÉDICAS,SP,1876610842.27,625536947.42,306818226.48
UNIMED GRANDE FLORIANÓPOLIS-COOPERATIVA DE TRABALHO MEDICO,SC,1808827235.93,602942411.98,326211597.76
CAIXA BENEFICENTE DOS FUNCIONARIOS DO BANCO DO ESTADO DE SÃO PAULO,SP,1733576377.37,577858792.46,313760194.24
UNIMED NATAL SOC. COOP. DE TRAB. MÉDICO,RN,1702843962.65,567614654.22,294859505.14
UNIMED SOROCABA COOPERATIVA DE TRABALHO MÉDICO,SP,1680716854.37,560238951.46,300027631.52
UNIMED SERRA GAUCHA/RS COOPERATIVA DE ASSISTENCIA A SAUDE LTDA,RS,1530280180.26,510093393.42,275769698.52
UNIMED JOAO PESSOA - COOPERATIVA DE TRABALHO MÉDICO,PB,1524615238.63,508205079.54,265338623.66
UNIMED MACEIO COOPERATIVA DE TRABALHO MÉDICO,AL,1524030798.89,508010266.3,256767381.0
UNIMED DE LONDRINA COOPERATIVA DE TRABALHO MÉDICO,PR,1522446041.46,507482013.82,261944359.05
HUMANA SAÚDE NORDESTE LTDA. ,PI,1504664834.17,501554944.72,260900211.09
UNIMED-SÃO GONÇALO - NITERÓI - SOC.COOP.SERV.MED E HOSP LTDA,RJ,1396213529.4,465404509.8,241677080.52
NOTRE DAME INTERMÉDICA MINAS GERAIS SAÚDE S.A.,CE,1384493286.79,461497762.26,242301309.93
CAIXA DE ASSISTENCIA DOS SERVIDORES DO ESTADO DE MATO GROSSO DO SUL,MS,1359866685.69,453288895.23,230811603.86
SANTA HELENA ASSISTÊNCIA MÉDICA S/A.,SP,1315150207.02,438383402.34,228431422.77
UNIMED DE SANTOS COOP DE TRAB MEDICO,SP,1284508812.28,428169604.09,227003214.67
UNIMED CAMPO GRANDE MS COOPERATIVA DE TRABALHO MÉDICO,MS,1272485846.05,424161948.68,219232363.79
UNIMED DE RIBEIRAO PRETO - COOPERATIVA DE TRABALHO MÉDICO,SP,1204249637.55,401416545.85,212007854.73
CENTRO TRASMONTANO DE SAO PAULO,SP,1199114247.73,399704749.24,208904344.15
UNIMED REGIONAL MARINGÁ COOP.DE TRABALHO MÉDICO,PR,1177434966.35,392478322.12,207399538.61
SAMP ESPIRITO SANTO ASSISTENCIA MEDICA SA,ES,1142063741.29,380687913.76,200070328.25
CLINIPAM CLINICA PARANAENSE DE ASSISTENCIA MEDICA LTDA,CE,1094087166.55,364695722.18,196572714.0
UNIMED BLUMENAU - COOPERATIVA DE TRABALHO MEDICO,SC,1061860967.91,353953655.97,190881841.43
ODONTOPREV S/A,SP,1058171543.86,352723847.95,192304677.55
UNIMED UBERLÂNDIA COOPERATIVA REGIONAL TRABALHO MÉDICO LTDA,MG,1058019416.71,352673138.9,174890120.69
ASSOCIAÇÃO DE BENEFICÊNCIA E FILANTROPIA SÃO CRISTOVÃO,SP,1027858141.54,342619380.51,173415390.07
FUNDAÇÃO SÃO FRANCISCO XAVIER,MG,1005548503.03,335182834.34,180006589.67
UNIMED DO ESTADO DO PARANÁ FEDERAÇÃO ESTADUAL DAS COOPERATIVAS MÉDICAS,PR,974680709.61,324893569.87,173381134.96
UNIMED SAO JOSE DOS CAMPOS - COOPERATIVA DE TRABALHO MEDICO,SP,970574962.49,323524987.5,168818264.69
UNIMED DE PIRACICABA SOCIEDADE COOPERATIVA DE SERVIÇOS MÉDICOS,SP,942754820.98,314251606.99,164021410.42
UNIMED DO ESTADO DE SANTA CATARINA FED. EST. DAS COOP. MÉD.,SC,905624733.92,301874911.31,161612188.6
UNIMED DE JOINVILLE COOPERATIVA DE TRABALHO MÉDICO,SC,879991826.36,293330608.79,154008352.07
UNIMED - COOPERATIVA DE SERVIÇOS DE SAÚDE DOS VALES DO TAQUARI E RIO PARDO LTDA.,RS,869193980.36,289731326.79,155032910.39
UNIMED DIVINOPOLIS - COOPERATIVA DE TRABALHO MEDICO LTDA,MG,865255821.59,288418607.2,158974823.58
UNIMED TERESINA - COOPERATIVA DE TRABALHO MÉDICO,PI,848645312.6,282881770.87,149922130.38
CEMIG SAÚDE,MG,844712588.66,281570862.89,141323032.98
SINDIFISCO NACIONAL - SINDICATO NACIONAL DOS AUDITORES-FISCAIS DA RECEITA FEDERAL DO BRASIL,DF,838598655.26,279532885.09,136185857.57
UNIMED SERGIPE - COOPERATIVA DE TRABALHO MÉDICO,SE,818437626.93,272812542.31,132527263.54
UNIMED JUIZ DE FORA COOPERATIVA DE TRABALHO MÉDICO LTDA,MG,797095334.96,265698444.99,138853619.87
UNIMED DE BAURU COOPERATIVA DE TRABALHO MÉDICO,SP,774971342.09,258323780.7,137452483.51
UNIMED LITORAL COOPERATIVA DE TRABALHO MÉDICO LTDA,SC,769673576.3,256557858.77,139229869.21
UNIMED SÃO CARLOS - COOPERATIVA DE TRABALHO MÉDICO,SP,765559934.97,255186644.99,131695444.73
UNIMED DE CASCAVEL COOPERATIVA DE TRABALHO MÉDICO,PR,756063225.85,252021075.28,132632078.92
ASSOCIAÇÃO SANTA CASA SAÚDE DE SÃO JOSÉ DOS CAMPOS,SP,732062004.21,244020668.07,127069908.71
PLANO HOSPITAL SAMARITANO LTDA,SP,714003894.24,238001298.08,121234524.74
UNIMED DE PRESIDENTE PRUDENTE COOPERATIVA DE TRAB. MÉDICO,SP,694717853.88,231572617.96,128930034.16
PASA - PLANO DE ASSISTENCIA A SAUDE DO APOSENTADO DA VALE,RJ,685221796.56,228407265.52,124693825.81
UNIMED JUNDIAI - COOPERATIVA DE TRABALHO MÉDICO,SP,675903366.77,225301122.26,122981572.71
UNIMED CARUARU-COOPERATIVA DE TRABALHO MEDICO,PE,652132287.08,217377429.03,113684212.42
UNIMED DE MACAÉ COOPERATIVA DE ASSISTÊNCIA À SAÚDE,RJ,649752984.14,216584328.05,119136867.42
ALICE OPERADORA LTDA.,SP,645975320.35,215325106.78,130004644.85
UNIMED DE VOLTA REDONDA COOPERATIVA DE TRABALHO MÉDICO,RJ,631979890.62,210659963.54,108276906.89
UNIMED VALE DO SINOS - COOPERATIVA DE ASSISTÊNCIA À SAÚDE LTDA,RS,630961521.34,210320507.11,112299573.72
INSTITUTO CURITIBA DE SAÚDE,PR,627197346.31,209065782.1,114226111.9
CAIXA DE ASSISTÊNCIA DOS FUNCIONÁRIOS DO BANCO DO NORDESTE DO BRASIL,CE,616877899.77,205625966.59,112996599.64
UNIMED NORTE DO MATO GROSSO COOPERATIVA DE TRABALHO MÉDICO,MT,615998077.25,205332692.42,111484947.01
UNIMED SUL CAPIXABA COOPERATIVA DE TRABALHO MÉDICO,ES,611939065.13,203979688.38,105605587.69
CENTRO CLÍNICO GAÚCHO LTDA,CE,611289899.36,203763299.79,107674174.97
UNIMED NOVA FRIBURGO-SOC.COOP.SERV.MED.HOSP.LTDA.,RJ,603252084.51,201084028.17,101563287.12
HUMANA SAÚDE LTDA.,PR,580840232.44,193613410.81,93650425.9
SAMEL PLANO DE SAÚDE LTDA,AM,575629968.56,191876656.19,100426825.15
UNIMED UBERABA COOPERATIVA DE TRABALHO MEDICO LTDA.,MG,572230857.18,190743619.06,98008778.67
SOBAM CENTRO MÉDICO HOSPITALAR S.A.,SP,569300730.14,189766910.05,94991268.09
LEVE SAUDE OPERADORA DE PLANOS DE SAUDE S.A,RJ,569173847.78,189724615.93,107450672.57
UNIMED VALE DO SÃO FRANCISCO COOPERATIVA DE TRABALHO MÉDICO,PE,566748301.89,188916100.63,97211022.51
UNIMED DE SANTA BÁRBARA D'OESTE E AMERICANA - COOP DE TRABALHO MÉDICO,SP,556208310.4,185402770.13,97004906.94
UNIMED NOVA IGUACU COOPERATIVA DE TRABALHO MEDICO,RJ,551764018.9,183921339.63,92329697.84
QUALLITY PRÓ SAÚDE PLANO DE ASSISTÊNCIA MÉDICA LTDA.,DF,539157005.51,179719001.84,88437660.95
UNIMED REGIONAL DA BAIXA MOGIANA - COOPERATIVA DE TRABALHO MÉDICO,SP,523417506.85,174472502.28,90370489.33
UNIMED FRANCA - SOCIEDADE COOPERATIVA DE SERVIÇOS MÉDICOS E HOSPITALARES,SP,520379977.59,173459992.53,92083030.72
UNIMED DE MARILIA COOPERATIVA DE TRABALHO MÉDICO,SP,519148556.78,173049518.93,91859738.52
UNIMED DE ARARAQUARA - COOP. DE TRAB. MÉDICO,SP,511967185.05,170655728.35,91125156.81
METRUS INSTITUTO DE SEGURIDADE SOCIAL,SP,511153924.0,170384641.33,76614119.39
FUNDAÇÃO COPEL DE PREVIDÊNCIA E ASSISTÊNCIA SOCIAL,PR,507224678.71,169074892.9,87036450.66
ASSOCIAÇÃO DE SAÚDE PORTUGUESA DE BENEFICÊNCIA,SP,501523115.58,167174371.86,87950752.46
ASSOCIACAO DOS AUDITORES FISCAIS DA RECEITA ESTADUAL DE SAO PAULO,SP,500683892.32,166894630.77,88181051.92
ITAUSEG SAÚDE S.A.,SP,499895074.05,166631691.35,84375085.88
UNIMED PONTA GROSSA COOPERATIVA DE TRABALHO MEDICO,PR,497148553.87,165716184.62,88243560.74
DOCTOR CLIN OPERADORA DE PLANOS DE SAÚDE LTDA.,RS,492296245.61,164098748.54,93801651.4
FUNDAÇÃO CHESF DE ASSISTÊNCIA E SEGURIDADE SOCIAL,PE,487900141.11,162633380.37,96640299.8
ASSOCIAÇÃO SANTA SAÚDE,SP,477925338.56,159308446.19,79573421.42
UNIMED DO CEARÁ - FEDERAÇÃO DAS SOCIEDADES COOPERATIVAS MÉDICAS DO ESTADO DO CEARÁ LTDA.,CE,475015644.4,158338548.13,84780409.47
UNIMED CAMPINA GRANDE - COOPERATIVA DE TRABALHO MEDICO LTDA,PB,473930600.38,157976866.79,83959507.06
REAL GRANDEZA - FUNDAÇÃO DE PREVIDÊNCIA E ASSISTÊNCIA SOCIAL,RJ,465458596.15,155152865.38,81894960.48
H.B. SAÚDE S/A.,SP,463063152.93,154354384.31,78391992.83
BENSAUDE PLANO DE ASSISTENCIA MEDICA HOSPITALAR LTDA.,SP,462616101.0,154205367.0,77199877.88
ALVORECER - ASSOCIAÇÃO DE SOCORROS MÚTUOS,SP,461260477.95,153753492.65,76605552.64
UNIMED DE CRICIÚMA COOPERATIVA DE TRABALHO MÉDICO DA REGIÃO CARBONÍFERA,SC,461186655.31,153728885.1,83820039.35
CAIXA DE PREVIDÊNCIA E ASSISTÊNCIA DOS SERVIDORES DA FUNDAÇÃO NACIONAL DE SAÚDE - CAPESESP,RJ,459398995.08,153132998.36,75371689.27
UNIMED GOVERNADOR VALADARES COOP. DE TRABALHO MÉDICO LTDA.,MG,448824563.52,149608187.84,79428455.0
COOPERATIVA CENTRAL UNIMED DE COOPERATIVAS DE ASSISTÊNCIA À SAÚDE DO RIO GRANDE DO SUL LTDA.,RS,443221179.87,147740393.29,78800384.84
"SERVIÇO SOCIAL DA INDÚSTRIA DO PAPEL, PAPELÃO E CORTIÇA DO ESTADO DE SÃO PAULO - SEPACO",SP,441027143.37,147009047.79,78838325.27
COOPERATIVA DE TRABALHO MÉDICO DE POUSO ALEGRE,MG,439314368.91,146438122.97,78060296.79
PROMÉDICA - PROTEÇÃO MEDICA A EMPRESAS S.A.,BA,437058751.67,145686250.56,71779331.52
UNIMED SALTO/ITU - COOPERATIVA MÉDICA,SP,428243380.27,142747793.42,73433792.94
PLANO DE SAÚDE ANA COSTA LTDA.,SP,423134373.9,141044791.3,71339082.52
UNIMED PORTO VELHO - SOCIEDADE COOPERATIVA MÉDICA LTDA,RO,422429254.29,140809751.43,78231313.82
KLINI PLANOS DE SAÚDE LTDA,RJ,415692689.31,138564229.77,77858859.29
CIRCULO OPERARIO CAXIENSE,RS,407896329.7,135965443.23,70084642.43
UNIMED ANHANGUERA COOPERATIVA DE TRABALHO MÉDICO,SP,401398454.16,133799484.72,66917314.88
CAIXA DE ASSISTÊNCIA DOS EMPREGADOS DO BANCO DO ESTADO DO RIO GRANDE DO SUL,RS,399801677.42,133267225.81,73874654.08
UNIMED SANTA MARIA/RS - COOPERATIVA DE ASSISTÊNCIA À SAÚDE LTDA,RS,398381394.98,132793798.33,69676262.11
UNIMED DE CAMPOS COOPERATIVA DE TRABALHO MÉDICO,RJ,383450248.87,127816749.62,68508929.0
BIOVIDA SAÚDE LTDA.,SP,379404886.29,126468295.43,64166809.09
2CARE OPERADORA DE SAÚDE LTDA.,SP,376541573.07,125513857.69,63817996.77
AUSTACLINICAS ASSISTÊNCIA MÉDICA E HOSPITALAR LTDA,SP,375030592.0,125010197.33,66270434.73
CAIXA DE ASSISTÊNCIA À SAÚDE - CABERJ,RJ,372278464.67,124092821.56,65450485.13
UNIMED PATOS DE MINAS COOPERATIVA TRABALHO MÉDICO LTDA.,MG,368867851.36,122955950.45,64532449.25
UNIMED RONDONOPOLIS COOPERATIVA DE TRABALHO MÉDICO LTDA,MT,367322420.42,122440806.81,64147777.39
UNIMED DE GUARULHOS COOPERATIVA DE TRABALHO MÉDICO,SP,367132323.68,122377441.23,65892205.42
UNIMED DE BOTUCATU COOPERATIVA DE TRABALHO MÉDICO,SP,366702415.73,122234138.58,60893462.07
UNIMED DO SUDOESTE COOPERATIVA DE TRABALHO MEDICO LTDA,BA,362688628.58,120896209.53,61682375.71
ASSOCIAÇÃO DR. BARTHOLOMEU TACCHINI,RS,358449946.17,119483315.39,67786947.75
UNIMED CHAPECÓ - COOPERATIVA DE TRABALHO MÉDICO DA REGIÃO OESTE CATARINENSE,SC,357995447.8,119331815.93,66703034.3
UNIMED LESTE PAULISTA COOPERATIVA DE TRABALHO MÉDICO,SP,356548527.87,118849509.29,58866010.71
NOSSA SAÚDE - OPERADORA PLANOS PRIVADOS DE ASSISTÊNCIA  À SAÚDE LTDA.,PR,352700527.1,117566842.37,60046422.75
UNIMED DE LIMEIRA COOPERATIVA DE TRABALHO MÉDICO,SP,346289781.91,115429927.3,64040337.59
UNIMED AMPARO COOPERATIVA DE TRABALHO MÉDICO,SP,340120848.95,113373616.32,60631533.68
FUNDAÇÃO CELESC DE SEGURIDADE SOCIAL - CELOS,SC,339127177.62,113042392.54,62327692.2
UNIMED DE BEBEDOURO COOPERATIVA DE TRABALHO MÉDICO,SP,337395951.42,112465317.14,59252391.54
INTEGRA ASSISTENCIA MEDICA SA,SP,336967830.66,112322610.22,42502973.56
PLENA SAÚDE S.A.,SP,336821392.24,112273797.41,56509474.0
AMPLA PLANOS DE SAUDE LTDA,RJ,331437375.75,165718687.88,44867892.35
UNIMED RIO VERDE COOPERATIVA TRABALHO MEDICO,GO,324545125.56,108181708.52,55568357.09
UNIMED VALE DO SEPOTUBA - COOPERATIVA DE TRABALHO MÉDICO,MT,320434899.13,106811633.04,56673309.89
UNIMED CENTRO RONDÔNIA COOPERATIVA DE TRABALHO MÉDICO,RO,319288639.12,106429546.37,58245418.22
LIV LINHAS INTELIGENTES DE ATENÇÃO À VIDA S/A,SP,318732361.88,106244120.63,56569888.28
PROASA SAÚDE,DF,313811827.38,104603942.46,60794105.27
UNIMED PELOTAS/RS - COOPERATIVA DE ASSISTÊNCIA À SAÚDE LTDA.,RS,313513052.48,104504350.83,55444297.15
UNIMED COSTA OESTE - COOPERATIVA DE TRABALHO MÉDICO,PR,313511935.92,104503978.64,57474829.38
SERMED-SAÚDE LTDA.,SP,310234238.72,103411412.91,54075343.07
CAIXA DE ASSISTÊNCIA DOS EMPREGADOS DA EMPRESA BRASILEIRA DE PESQUISA  AGROPECUÁRIA,DF,307638801.52,102546267.17,57162375.85
S.P.A SAUDE- SISTEMA DE PROMOÇÃO ASSISTENCIAL,SP,306933383.98,102311127.99,52466845.21
ASSOCIAÇÃO ASSISTENCIAL DE SAÚDE SUPLEMENTAR CRUZ AZUL SAÚDE,SP,306300092.44,102100030.81,45071923.68
ASSOCIAÇÃO EVANGELICA BENEFICENTE DE LONDRINA,PR,302859774.19,100953258.06,55787878.14
IRMANDADE DA SANTA CASA DE MISERICÓRDIA DE PIRACICABA,SP,302602263.19,100867421.06,59806112.77
UNIMED NOROESTE/RS - SOCIEDADE COOPERATIVA DE ASSISTÊNCIA À SAÚDE LTDA.,RS,297272578.11,99090859.37,51895192.81
UNIMED RIO BRANCO COOPERATIVA DE TRABALHO MEDICO LTDA,AC,296848842.04,98949614.01,49336162.88
SÃO LUCAS SAÚDE S/A,SP,292170012.54,97390004.18,49021610.82
ABERTTA SAÚDE - ASSOCIAÇÃO BENEFICENTE DOS EMPREGADOS DA ARCELORMITTAL NO BRASIL,MG,291908425.8,97302808.6,51661658.25
UNIÃO MÉDICA PLANOS DE SAÚDE S/A,BA,289990393.07,96663464.36,50165318.41
UNIMED NOROESTE CAPIXABA COOPERATIVA DE TRABALHO MÉDICO.,ES,281518209.86,93839403.29,49828342.74
UNIMED DE RIO CLARO SP COOPERATIVA DE TRABALHO MEDICO,SP,276786272.61,92262090.87,48765884.34
FUNDAÇÃO AFFEMG DE ASSISTÊNCIA E SAÚDE - FUNDAFFEMG,MG,275181584.59,91727194.86,46636250.82
FUNDAÇÃO SANEPAR DE ASSISTÊNCIA SOCIAL,PR,272995821.77,90998607.26,39377465.02
UNIMED PATO BRANCO SOCIEDADE COOPERATIVA DE MÉDICOS,PR,270669356.26,90223118.75,46320133.13
PLANO DE SAÚDE DA SANTA CASA DE BRAGANÇA PAULISTA,SP,268149125.15,89383041.72,45032684.62
LIFE EMPRESARIAL SAÚDE LTDA.,SP,267523039.22,89174346.41,49314032.54
SAUDE PAS - MEDICINA E ODONTO,RS,267000537.63,89000179.21,46575316.49
CAIXA DE ASSISTÊNCIA OSWALDO CRUZ,RJ,266353458.15,88784486.05,46180478.98
UNIMED PETROPOLIS-RJ COOPERATIVA DE TRABALHO MÉDICO,RJ,265810742.19,88603580.73,45492360.68
UNIMED DE DOURADOS COOPERATIVA DE TRABALHO MÉDICO LTDA,MS,264311940.31,88103980.1,50175502.65
UNIMED DE OURINHOS - COOPERATIVA DE TRABALHO MÉDICO,SP,257550152.4,85850050.8,44502089.57
UNIMED REGIONAL JAU - COOPERATIVA DE TRABALHO MÉDICO,SP,255769897.94,85256632.65,43928402.39
UNIMED DE TUBARAO - COOPERATIVA DE TRABALHO MEDICO DA REGIAO DA AMUREL,SC,252993697.96,84331232.65,47130526.57
SANTA CASA DE MISERICÓRDIA DE JUIZ DE FORA,MG,252453084.01,84151028.0,46528402.43
UNIMED MARANHÃO DO SUL - COOPERATIVA DE TRABALHO MÉDICO,MA,249069490.28,83023163.43,52276621.89
UNIMED PLANALTO MÉDIO/RS - COOPERATIVA DE ASSISTÊNCIA À SAÚDE LTDA.,RS,248344398.32,82781466.11,42032082.26
CABERJ INTEGRAL SAÚDE S.A,RJ,241179760.44,80393253.48,41328685.58
POLICLIN SAÚDE S/A.,SP,240942465.18,80314155.06,40838274.83
UNIMED DE ARACATUBA - COOPERATIVA DE TRABALHO MÉDICO,SP,239395679.28,79798559.76,41055651.64
ASSOCIAÇÃO DE ASSISTÊNCIA À SAÚDE DOS EMPREGADOS DA COPASA,MG,235810962.7,78603654.23,39781621.11
MED-TOUR ADMINISTRADORA DE BENEFÍCIOS E EMPREENDIMENTOS LTDA.,SP,233547270.26,77849090.09,41005922.88
UNIMED REGIONAL DE CAMPO MOURÃO COOP TRAB MEDICO ,PR,232269549.15,77423183.05,40229403.48
UNIHOSP SAÚDE LTDA,SP,232219864.11,77406621.37,40522792.95
OPERADORA UNIESTE DE PLANOS DE SAÚDE LTDA,RJ,232149041.45,77383013.82,39916469.16
MÚTUA DOS MAGISTRADOS DO ESTADO DO RIO DE JANEIRO,RJ,230916219.9,76972073.3,42167052.79
UNIMED DO CARIRI - SOCIEDADE COOPERATIVA MÉDICA LTDA,CE,228496114.87,76165371.62,42286897.13
UNIMED CENTRO OESTE PAULISTA - FEDERAÇÃO INTRAFEDERATIVA DAS COOPERATIVAS MÉDICAS,SP,224966731.37,74988910.46,41267119.29
UNIMED DE MANAUS COOP. DO TRABALHO MÉDICO LTDA,AM,224406464.48,74802154.83,48952279.39
UNIMED ANÁPOLIS COOPERATIVA DE TRABALHO MÉDICO.,GO,217983977.9,72661325.97,36136474.05
UNIMED VARGINHA COOPERATIVA DE TRABALHO MÉDICO,MG,215367018.67,71789006.22,36039138.55
UNIMED ENCOSTA DA SERRA/RS SOCIEDADE COOPERATIVA DE SERVIÇOS DE SAÚDE LTDA.,RS,214761245.96,71587081.99,38856247.29
UNIMED METROPOLITANA DO AGRESTE - COOPERATIVA DE TRABALHO MÉDICO,AL,212484328.5,70828109.5,36624163.0
UNIMED TEOFILO OTONI COOPERATIVA DE TRABALHO MÉDICO,MG,211868397.56,70622799.19,36836646.03
ASSOCIAÇÃO ADVENTISTA NORTE BRASILEIRA DE PREVENÇÃO E ASSISTÊNCIA A SAÚDE,PA,210506068.05,70168689.35,35152872.19
UNIMED COSTA DO DESCOBRIMENTO COOPERATIVA DE TRABALHO MÉDICO,BA,210026459.83,70008819.94,38031857.6
UNIMED ARARUAMA COOPERATIVA DE TRABALHO MÉDICO LTDA,RJ,205046150.95,68348716.98,37608441.52
UNIMED PALMAS COOPERATIVA DE TRABALHO MÉDICO,TO,202829962.61,67609987.54,33028365.53
CAIXA DE ASSISTENCIA A SAUDE DA UNIVERSIDADE,MG,202151456.02,67383818.67,35708599.59
IRMANDADE SANTA CASA DE MISERICÓRDIA DE MARINGÁ,PR,201605891.85,67201963.95,36892544.26
HBC SAÚDE LTDA.,SP,200276927.6,66758975.87,35047515.48
ASSOCIAÇÃO DA SANTA CASA SAÚDE DE RIBEIRÃO PRETO,SP,197136893.67,65712297.89,32483611.75
UNIMED VALE DO CAÍ/RS - COOPERATIVA DE ASSISTÊNCIA À SAÚDE LTDA.,RS,195039889.26,65013296.42,33471773.43
UNIMED NORTE CAPIXABA- COOPERATIVA DE TRABALHO MÉDICO,ES,195037538.07,65012512.69,35519405.03
SIM - CAIXA DE ASSISTÊNCIA À SAÚDE,SC,194302168.74,64767389.58,34666246.05
UNIMED CONSELHEIRO LAFAIETE COOPERATIVA DE TRABALHO MÉDICO LTDA,MG,188092315.02,62697438.34,33798256.28
BENEFICENCIA CAMILIANA DO SUL,SP,183707135.45,91853567.72,48579473.4
UNIMED BARRA DO GARÇAS - COOPERATIVA DE TRABALHO MÉDICO,MT,182620294.12,60873431.37,31857647.6
UNIMED DE CATANDUVA - COOPERATIVA DE TRABALHO MÉDICO,SP,182413160.22,60804386.74,30488083.6
CENTRO HOSPITALAR ATIBAIA LTDA.,SP,181915517.64,60638505.88,34510790.74
FUNDAÇAO COMPESA DE PREVIDENCIA E ASSISTENCIA - COMPESAPREV,PE,181158537.07,60386179.02,33430737.41
SELECT OPERADORA DE PLANO DE SAUDE LTDA,GO,180024727.03,60008242.34,51004408.97
UNIMED INCONFIDENTES COOPERATIVA DE TRABALHO MÉDICO LTDA.,MG,178982695.91,59660898.64,31868331.75
UNIMED GUARAPUAVA COOPERATIVA DE TRABALHO MÉDICO,PR,178646903.27,59548967.76,31859283.13
ECONOMUS INSTITUTO DE SEGURIDADE SOCIAL,SP,178298194.19,59432731.4,36578636.96
UNIMED DE ASSIS COOPERATIVA DE TRABALHO MÉDICO,SP,178123533.01,59374511.0,30349356.46
ASSOCIAÇÃO SÃO FRANCISCO VIDA,SP,177665313.62,59221771.21,32829034.11
UNIMED EXTREMO SUL COOPERATIVA DE TRABALHO MÉDICO,BA,175852571.21,58617523.74,28217553.85
UNIMED MONTES CLAROS COOPERATIVA DE  TRABALHO MÉDICO LTDA.,MG,174966172.18,58322057.39,32279763.26
UNIMED DE BARRA MANSA SOC. COOP. SERV.MED.E HOSPIT.,RJ,174817471.41,58272490.47,31689236.67
IRMANDADE DA SANTA CASA DE MISERICÓRDIA DE RIO CLARO,SP,174461997.56,58153999.19,32698531.78
UNIMED LITORAL SUL/RS - COOPERATIVA DE ASSISTÊNCIA À SAÚDE LTDA.,RS,172998656.12,57666218.71,28979409.07
ASSOCIAÇÃO BENEFICENTE DE ASSISTÊNCIA A SAÚDE DOS JUÍZES DO TRABALHO DA 15ª REGIÃO (ABAS 15),SP,172371486.67,57457162.22,29779083.33
SAÚDE BRB - CAIXA DE ASSISTÊNCIA ,DF,171799947.76,57266649.25,30689211.77
UNIMED RESENDE COOPERATIVA DE TRABALHO MÉDICO,RJ,170667850.37,56889283.46,31525961.36
AMESC - ASSOCIAÇÃO MÉDICA ESPÍRITA CRISTÃ,RJ,170379372.68,56793124.23,27843581.15
CENTRAL REGIONAL DAS COOPERATIVAS MÉDICAS - UNIMED CERRADO,GO,170134268.14,56711422.71,27542354.74
UNIMED CURVELO COOPERATIVA DE TRABALHO MÉDICO LTDA.,MG,169658908.35,56552969.45,29159560.25
UNIMED DE SÃO ROQUE - COOPERATIVA DE TRABALHO MÉDICO,SP,164779634.99,54926545.0,31255501.93
ASSOCIAÇÃO DOS SERVIDORES FISCAIS DO ESTADO DA BAHIA,BA,163756707.67,54585569.22,28381149.57
UNIMED NORTE FLUMINENSE COOPERATIVA DE TRABALHO MEDICO,RJ,163493478.53,54497826.18,29182758.09
UNIMED DE PARANAGUÁ COOPERATIVA DE TRABALHO MÉDICO,PR,162492132.95,54164044.32,28204064.58
UNIMED POÇOS DE CALDAS - SOC. COOP. DE TRAB. E SERVIÇOS MÉDICOS,MG,160617920.02,53539306.67,29928718.64
UNIMED MISSÕES/RS - COOPERATIVA DE ASSISTÊNCIA À SAÚDE LTDA.,RS,159984824.27,53328274.76,26687808.64
ASSOCIAÇÃO PADRE ALBINO SAÚDE,SP,157700309.79,52566769.93,31650585.72
CAIXA ASSISTENCIAL E BENEFICENTE DOS FUNCIONÁRIOS DA ACARESC,SC,157657845.97,52552615.32,26569051.86
ASSOCIAÇÃO BENEFICENTE DOS PROFESSORES PÚBLICOS ATIVOS E INATIVOS DO RIO DE JANEIRO - APPAI,RJ,154743072.98,51581024.33,28904676.45
UNIMED DE PARANAVAÍ COOPERATIVA DE TRABALHO MÉDICO,PR,152077046.45,50692348.82,27070668.69
UNIMED DE JABOTICABAL COOP. DE TRABALHO MÉDICO,SP,151311274.68,50437091.56,27159837.89
UNIMED NORDESTE PAULISTA - FED. INTRAFEDERATIVA DAS COOP. MÉDICAS,SP,150837244.99,50279081.66,26718203.73
SAÚDE SANTA TEREZA LTDA.,SP,150181089.83,50060363.28,26554053.77
FUNDAÇÃO DE SEGURIDADE SOCIAL DA ARCELORMITTAL BRASIL - FUNSSEST,ES,149187189.42,49729063.14,21372429.29
SANTA CASA DE MAUÁ SAÚDE,SP,147731706.07,49243902.02,25653428.16
CAIXA DE ASSISTÊNCIA DOS SERVIDORES FAZENDÁRIOS ESTADUAIS,CE,146452853.01,48817617.67,24600761.74
OPERADORA UNICENTRAL DE PLANOS DE SAÚDE LTDA.,SP,144260447.36,48086815.79,21591234.16
ELOSAÚDE - ASSOCIAÇÃO DE ASSISTÊNCIA À SAÚDE,SC,144009999.89,48003333.3,24760323.31
UNIMED OESTE DO PARANA - COOPERATIVA DE TRABALHO MEDICO,PR,143395589.55,47798529.85,25562211.78
UNIMED REGIONAL SUL GOIAS COOP. DE TRABALHO MÉDICO LTDA,GO,143273945.12,47757981.71,24843678.75
UNIMED DE BRUSQUE COOPERATIVA DE TRABALHO MÉDICO,SC,141508677.94,47169559.31,25872020.92
UNIMED APUCARANA COOPERATIVA DE TRABALHO MÉDICO,PR,140498701.2,46832900.4,24059890.28
UNIMED ITAJUBA COOPERATIVA DE TRABALHO MEDICO,MG,140292190.83,46764063.61,26288781.4
CAIXA DE ASSISTÊNCIA DOS EMPREGADOS DA SANEAGO,GO,139854757.06,46618252.35,23985822.0
CAIXA DE ASSISTÊNCIA À SAÚDE DOS SERVIDORES PÚBLICOS DO ESTADO DO MATO GROSSO DO SUL,MS,139668881.01,46556293.67,24412399.96
UNIMED DE TATUI - COOPERATIVA DE TRABALHO MÉDICO,SP,139444577.39,46481525.8,21783961.04
ASSISTÊNCIA MÉDICA SÃO MIGUEL LTDA,SP,138393653.11,46131217.7,25625460.04
UNIMED FRANCISCO BELTRAO COOPERATIVA DE TRABALHO MEDICO,PR,137928831.77,45976277.26,25919783.7
LUMINAR SAÚDE - ASSOCIAÇÃO DE ASSISTÊNCIA À SAÚDE,DF,137397484.59,45799161.53,22605394.85
ASSOCIAÇAO DOS FUNCIONARIOS PUBLICOS DO ESTADO DO RIO GRANDE DO SUL,RS,137189112.48,45729704.16,22285538.47
UNIMED OESTE DO PARÁ - COOPERATIVA DE TRABALHO MÉDICO,PA,136042176.96,45347392.32,22217947.82
FUNDAÇÃO DE SAÚDE ITAIGUAPY,PR,135738992.32,45246330.77,25186246.73
SAMI ASSISTÊNCIA MÉDICA LTDA,SP,135105053.22,45035017.74,21846865.97
AGROS - INSTITUTO UFV DE SEGURIDADE SOCIAL,MG,134638470.21,44879490.07,23921228.92
ASSOCIAÇÃO SANTA CASA SAÚDE DE ARAÇATUBA,SP,134244445.96,44748148.65,23783723.64
UNIMED PARÁ DE MINAS COOPERATIVA DE TRABALHO MÉDICO LTDA.,MG,133749783.71,44583261.24,23391644.95
UNIMED SÃO JOÃO DEL REI - COOPERATIVA DE TRABALHO MÉDICO,MG,133503956.58,44501318.86,23834208.52
METLIFE PLANOS ODONTOLÓGICOS LTDA.,SP,132604781.91,44201593.97,22424673.7
GARANTIA DE SAÚDE LTDA,SP,132253115.94,44084371.98,22097915.49
NOVA SAÚDE OPERADORA INTEGRADA DE SAÚDE LTDA,RJ,131816169.01,43938723.0,22949038.25
UNIMED JOÃO MONLEVADE COOPERATIVA DE TRABALHO MÉDICO LTDA.,MG,130663071.93,43554357.31,23812721.27
UNIMED OS BANDEIRANTES COOPERATIVA DE TRABALHO MÉDICO,SP,128144955.44,42714985.15,19137563.54
UNIMED SAÚDE E ODONTO S.A,SP,127843897.04,42614632.35,24004438.21
UNIMED ERECHIM - COOPERATIVA DE SERVIÇOS DE SAÚDE LTDA.,RS,127502935.17,42500978.39,21196262.43
UNIODONTO DE CAMPINAS COOPERATIVA ODONTOLÓGICA,SP,127133840.98,42377946.99,22713129.29
UNIMED FRONTEIRA NOROESTE/RS - COOPERATIVA DE ASSISTÊNCIA À SAÚDE LTDA.,RS,126246871.21,42082290.4,22603693.3
UNIMED CENTRO SUL FLUMINENSE COOPERATIVA DE TRABALHO MÉDICO,RJ,126162844.58,42054281.53,23741137.38
GOCARE PLANOS DE SAUDE LTDA,SP,125695517.48,41898505.83,17567761.12
IRMANDADE DA SANTA CASA DE MISERICORDIA DE LIMEIRA,SP,125375353.84,41791784.61,22180135.62
UNIMED DE CAÇAPAVA - COOPERATIVA DE TRABALHO MEDICO,SP,123745396.45,41248465.48,22003850.12
OESTE SAÚDE ASSISTÊNCIA A SAÚDE SUPLEMENTAR S.A,SP,123207680.6,41069226.87,22983359.96
UNIMED VALE DO AÇO COOPERATIVA DE TRABALHO MÉDICO,MG,123046283.01,61523141.5,32406671.7
UNIMED ITABIRA COOPERATIVA DE TRABALHO MÉDICO,MG,122919756.21,40973252.07,22331271.04
CAIXA DE ASSISTÊNCIA DOS EMPREGADOS DO SISTEMA FINANCEIRO BANESTES,ES,122666473.39,40888824.46,20170370.57
UNIMED ALTO VALE - COOPERATIVA DE TRABALHO MÉDICO,SC,120665406.39,40221802.13,21190598.14
UNIMED DE LENÇOIS PAULISTA - COOPERATIVA DE TRABALHO MÉDICO,SP,120215116.18,40071705.39,20199500.22
UNIMED ARAXÁ COOPERATIVA DE TRABALHO MÉDICO LTDA.,MG,120164273.22,40054757.74,21358209.26
UNIMED ARAGUARI COOPERATIVA DE TRABALHO MÉDICO ,MG,120017534.83,40005844.94,20878366.08
VIVACOM PLANOS DE SAÚDE,GO,119386697.32,39795565.77,20723598.47
UNIMED DE CATALÃO COOPERATIVA DE TRABALHO MÉDICO,GO,117921845.32,39307281.77,20417977.5
UNIMED DE LINS - COOPERATIVA DE TRABALHOS MÉDICOS,SP,117606848.65,39202282.88,18826745.64
UNIMED BARBACENA - COOPERATIVA DE TRABALHO MÉDICO LTDA,MG,117391545.01,39130515.0,22344291.18
ASSOCIAÇÃO DE ASSISTÊNCIA À SAÚDE DA AMAGIS,MG,116906421.07,38968807.02,21263188.64
UNIMED CENTRO PAULISTA - FEDERAÇÃO INTRAFEDERATIVA DAS COOPERATIVAS MÉDICAS,SP,113967236.26,37989078.75,19632553.53
PLAMED PLANO DE ASSISTENCIA MEDICA LTDA,SE,113782654.12,37927551.37,20364674.54
ASSOCIAÇÃO DE SAÚDE DOS FORNECEDORES DE CANA DE PIRACICABA E REGIÃO,SP,112454503.39,37484834.46,20416157.51
AMEPLAN ASSISTÊNCIA MÉDICA PLANEJADA LTDA,SP,112422448.87,37474149.62,17278835.39
SULMED - ASSISTÊNCIA MÉDICA LTDA,RS,111230671.76,37076890.59,20115872.13
ESMALE ASSISTENCIA INTERNACIONAL DE SAUDE LTDA.,AL,110856960.73,36952320.24,18658674.0
UNIMED EXTREMO OESTE CATARINENSE COOPERATIVA DE TRABALHO MÉDICO,SC,109334515.01,36444838.34,18502305.67
PARANA ASSISTENCIA MEDICA LTDA,PR,109267670.24,36422556.75,19948586.97
FUNDACAO LEONOR DE BARROS CAMARGO,SP,108985730.8,36328576.93,19914617.3
CAIXA ASSISTENCIAL UNIVERSITÁRIA DO RIO GRANDE DO NORTE,RN,108947009.16,36315669.72,18678765.18
ASSOCIAÇÃO PETROBRAS DE SAÚDE - APS,RJ,107218871.94,35739623.98,6557168.35
UNIMED NOROESTE DO PARANÁ COOP DE TRABALHO MÉDICO .,PR,106889068.25,35629689.42,20565367.89
MATÃO CLINICAS & AMHMA SAÚDE LTDA,SP,106496175.9,35498725.3,17802932.61
UNIMED DE IBITINGA COOPERATIVA DE TRABALHO MÉDICO,SP,106418946.51,35472982.17,17780880.38
UNIMED ALTA MOGIANA COOPERATIVA DE TRABALHO MÉDICO,SP,106102763.34,35367587.78,19103391.36
UNIMED MURIAÉ COOPERATIVA DE TRABALHO MEDICO LTDA,MG,105752643.41,35250881.14,17621424.07
UNIMED DE GUARATINGUETA-COOPERATIVA DE TRABALHO MÉDICO,SP,105498786.47,35166262.16,18690010.25
TEMPO MED PLANO DE SAUDE LTDA,SC,105030125.31,35010041.77,21975288.04
UNIMED NORTE PIONEIRO - COOPERATIVA DE TRABALHO MÉDICO,PR,104747411.56,34915803.85,19119460.12
ASSOCIAÇÃO MINEIRA DE ASSISTÊNCIA À SAÚDE DOS MEMBROS DO MINISTÉRIO PÚBLICO,MG,104700196.46,34900065.49,18853609.97
BEST SENIOR OPERADORA DE SAÚDE LTDA,ES,104629654.13,34876551.38,22336158.7
UNIMED DE SOBRAL SOCIEDADE COOPERATIVA MÉDICA LTDA,CE,103332531.79,34444177.26,18495666.76
UNIMED CABO FRIO COOPERATIVA TRABALHO MÉDICO LTDA.,RJ,102442705.88,34147568.63,18871274.93
HOSPITAIS E CLÍNICAS DO PIAUÍ S/S LTDA,PI,102401803.71,34133934.57,18065403.08
ASSOCIAÇÃO POLICIAL DE ASSISTÊNCIA À SAÚDE,SP,102305447.27,11367271.92,10497455.9
ASSOCIAÇÃO DE ASSISTÊNCIA MÉDICO HOSPITALAR DOS MAGISTRADOS DO ESTADO DO PARANÁ,PR,102229425.85,34076475.28,19711853.27
UNIMED SUL PAULISTA - COOPERATIVA DE TRABALHO MÉDICO,SP,102217995.45,34072665.15,17479871.29
UNIMED TRÊS RIOS COOPERATIVA DE TRABALHO MÉDICO,RJ,102144091.75,34048030.58,17072757.55
CAIXA DE ASSISTÊNCIA À SAUDE DOS EMPREGADOS DA CODEVASF - CASEC,DF,101954956.9,33984985.63,14602953.35
UNIMED LAVRAS COOPERATIVA DE TRABALHO MÉDICO,MG,100477134.36,33492378.12,17833358.84
UNIMED CAÇADOR COOPERATIVA DE TRABALHO MÉDICO DA REGIÃO DO CONTESTADO,SC,99483453.45,33161151.15,17708804.16
AMHA SAUDE S/A,SP,99309018.54,33103006.18,16634151.52
SUL AMÉRICA ODONTOLÓGICO S/A,SP,98848719.7,32949573.23,16678401.46
AMHE MED ASSISTENCIA A SAUDE LTDA - EPP,SP,98645767.39,32881922.46,25992624.73
SANTA CASA DE MISERICORDIA DE SAO JOAQUIM DA BARRA,SP,98229934.58,32743311.53,17678347.79
"UNIMED VALE DAS ANTAS, RS - COOPERATIVA DE ASSISTÊNCIA À SAÚDE LTDA.",RS,98128852.2,32709617.4,13195840.89
UNIMED MEIO OESTE CATARINENSE COOPERATIVA DE TRABALHO MÉDICO,SC,98065819.7,32688606.57,16138276.24
SISTEMAS E PLANOS DE SAÚDE LTDA.,SP,97829993.22,32609997.74,16518040.08
INSTITUIÇÃO BENEFICENTE CEL MASSOT - IBCM,RS,97421282.1,32473760.7,19434951.57
ASSOCIAÇÃO DO PLANO DE SAÚDE DA SANTA CASA DE MISERICÓRDIA DE ITABUNA - PLANSUL,BA,96428559.75,32142853.25,16115874.74
UNIMED COSTA VERDE RJ,RJ,95284691.2,31761563.73,15223236.0
ASSOCIAÇÃO DE SAÚDE DO VALE,SC,94716136.26,31572045.42,17718253.02
CAIXA DE ASSISTÊNCIA À SAÚDE DO SINDICATO DOS FUNCIONÁRIOS INTEGRANTES DO GRUPO OCUPACIONAL ADMINISTRAÇÃO TRIBUTÁRIA DO ESTADO DE PERNAMBUCO,PE,94716086.22,31572028.74,17337494.58
UNIMED NOROESTE FLUMINENSE - COOPERATIVA DE TRABALHO MÉDICO LTDA,RJ,94388331.58,31462777.19,16149796.12
UNIMED SÃO LOURENÇO COOPERATIVA DE TRABALHO MÉDICO,MG,93939103.67,31313034.56,15479711.91
SAMOC S.A. - SOCIEDADE ASSISTENCIAL MÉDICA E ODONTO CIRÚRGICA,RJ,92907481.17,30969160.39,16002046.43
ASSOCIAÇÃO MAIS SAÚDE SANTA CASA DE SÃO JOÃO DA BOA VISTA,SP,92453998.43,30817999.48,18081251.59
UNIMED NORTE PAULISTA - COOPERATIVA DE TRABALHO MÉDICO,SP,92021923.75,30673974.58,15359121.45
FUNDAÇÃO LIBERTAS DE SEGURIDADE SOCIAL,MG,91951231.91,30650410.64,15571998.4
SÃO FRANCISCO ASSISTÊNCIA MÉDICA LTDA,PE,91717788.82,30572596.27,16114296.61
ASSOCIAÇÃO SÃO LUIZ SAÚDE,SP,90961872.43,30320624.14,14398749.07
DENTAL UNI - COOPERATIVA ODONTOLÓGICA,PR,87713379.45,29237793.15,15357008.94
UNIMED ITUIUTABA COOPERATIVA TRABALHO MÉDICO LTDA.,MG,87554988.86,29184996.29,14970768.05
PRONTOMED PLANOS DE SAÚDE LTDA,MG,87551007.61,29183669.2,15666449.9
IRMANDADE DE MISERICÓRDIA DO HOSPITAL DA SANTA CASA DE MONTE ALTO,SP,87206019.11,29068673.04,15287573.07
UNIMED ITAÚNA COOPERATIVA DE TRABALHO MÉDICO LTDA.,MG,86998586.41,28999528.8,14455308.57
ELETROS SAÚDE - ASSOCIAÇÃO DE ASSISTÊNCIA À SAÚDE,RJ,85860669.92,28620223.31,16879237.34
PLANO DE SAUDE ASES LTDA.,RJ,85759484.04,28586494.68,14636200.34
COOPERATIVA DE TRABALHO MÉDICO DO PLANALTO NORTE DE SANTA CATARINA LTDA,SC,85630265.58,28543421.86,14348338.65
AMAZÔNIA PLANOS DE SAÚDE LTDA,PA,85629234.85,28543078.28,15311424.87
PLADISA PLANOS DE SAÚDE SA,SC,84984001.92,28328000.64,14783945.66
UNIMED GUAXUPÉ COOPERATIVA DE TRABALHO MEDICO,MG,84880229.89,28293409.96,14998121.65
CAIXA DE ASSISTÊNCIA DOS FUNCIONÁRIOS DO BANCO DA AMAZÔNIA - CASF,PA,84495460.48,28165153.49,11870303.58
UNIMED MARQUES DE VALENÇA COOPERATIVA DE TRABALHO MÉDICO LTDA.,RJ,84464055.56,28154685.19,15868049.7
UNIMED DE BIRIGUI - COOPERATIVA DE TRABALHO MÉDICO,SP,84233327.78,28077775.93,14085383.52
SÃO DOMINGOS SAÚDE- ASSISTÊNCIA MÉDICA  LTDA,SP,83073238.32,27691079.44,14996473.89
UNIMED ALTO DA SERRA - SOCIEDADE COOPERATIVA DE SERVIÇO MÉDICO LTDA.,RS,82686554.04,27562184.68,14787479.34
LEADER ASSISTÊNCIA MÉDICA E HOSPITALAR LTDA.,SP,81527646.44,27175882.15,12312662.78
IRMANDADE DA SANTA CASA DE MISERICÓRDIA DE PASSOS,MG,79026822.81,26342274.27,13735759.54
UNIMED VALE DO JAURU COOPERATIVA DE TRABALHO MÉDICO,MT,79021420.7,26340473.57,12835140.23
ANAFE SAUDE,GO,78977396.93,26325798.98,13088492.29
ASSOCIAÇÃO POLICIAL DE ASSISTÊNCIA À SAÚDE DE BAURU,SP,78907084.91,26302361.64,13687094.38
ÚNICA ASSISTENCIA MEDICA LTDA ,SP,78806145.02,26268715.01,13669164.07
VITA ASSISTÊNCIA A SAÚDE LTDA.,MG,78348700.93,26116233.64,20737275.79
UNIMED DE BARRETOS COOPERATIVA DE TRABALHO MÉDICO,SP,77492133.89,25830711.3,14208551.68
UNIMED PATROCÍNIO COOPERATIVA DE TRABALHO MÉDICO LTDA.,MG,76841890.05,25613963.35,13911699.52
UNIMED DE AVARÉ COOPERATIVA DE TRABALHO MÉDICO,SP,76774806.39,25591602.13,13551298.09
MAIS SAÚDE PLANO DE SAÚDE LTDA,GO,76217591.93,25405863.98,14236071.71
UNITY SERVIÇOS INTEGRADOS DE SAÚDE LTDA.,DF,75011392.14,25003797.38,14939302.14
UNIMED DE CIANORTE - COOPERATIVA DE TRABALHO MEDICO ,PR,74895743.49,24965247.83,13590726.52
UNIMED DE CAPIVARI -COOPERATIVA DE TRABALHO MÉDICO,SP,74406990.5,24802330.17,12870468.3
CAIXA DE ASSISTÊNCIA SISTEMA SAÚDE INTEGRAL-SSI SAUDE,RS,74177108.39,24725702.8,14299425.11
GS PLANO GLOBAL DE SAÚDE LTDA,RJ,73831874.42,24610624.81,13387170.44
SAÚDE BRASIL ASSISTÊNCIA MÉDICA LTDA.,SP,73641409.04,24547136.35,14916541.95
IRMANDADE DE MISERICORDIA DE PORTO FERREIRA,SP,73580516.45,24526838.82,13732525.1
CAIXA DE ASSISTÊNCIA AOS MEMBROS DA DEFENSORIA PÚBLICA DO ESTADO DO RIO DE JANEIRO,RJ,72109876.38,24036625.46,13490571.39
ASSOCIAÇÃO SAÚDE SÃO JOSÉ,SC,71958987.79,23986329.26,13240630.64
UNIMED ALTO SÃO FRANCISCO COOPERATIVA DE TRABALHO MÉDICO,MG,71588769.72,23862923.24,12803015.18
ASSOCIAÇÃO DOS AUDITORES FISCAIS DO ESTADO DA PARAÍBA - AFRAFEP,PB,71175235.41,23725078.47,12253463.11
UNIMED DE TAUBATÉ COOPERATIVA DE TRABALHO MÉDICO,SP,70890921.92,23630307.31,12245237.22
COOPERATIVA DE TRABALHO MEDICO DE ARAGUAÍNA - UNIMED ARAGUAÍNA,TO,70435815.93,23478605.31,12283400.34
UNIMED DE TUPA COOPERATIVA DE TRABALHO MÉDICO,SP,68765195.69,22921731.9,12043256.21
SANTA CASA DE MISERICÓRDIA DE VOTUPORANGA,SP,68030914.97,22676971.66,11702779.6
ASSOCIAÇÃO FUNDO DE PROTEÇÃO À SAÚDE,PR,67886179.34,22628726.45,11763233.52
UNIMED DE LORENA COOPERATIVA DE TRABALHO MÉDICO,SP,67883564.59,22627854.86,11145890.75
UNIMED DE PINDAMONHANGABA - COOPERATIVA TRABALHO MEDICO,SP,67079098.93,22359699.64,10879616.71
UNIMED DE ANDRADINA - COOPERATIVA DE TRABALHO MÉDICO,SP,67037113.38,22345704.46,12463197.2
UNIMED DE MOCOCA COOPERATIVA DE TRAB. MÉDICO,SP,65661406.08,21887135.36,12173892.74
UNIMED CATAGUASES COOPERATIVA DE TRABALHO MÉDICO LTDA,MG,65508638.86,21836212.95,11369776.39
CONFERÊNCIA SÃO JOSÉ DO AVAÍ,RJ,65490117.95,21830039.32,13337735.54
UNIMED VIÇOSA - COOPERATIVA DE TRABALHO MÉDICO,MG,65271092.82,21757030.94,11462642.46
COOPERATIVA DE TRABALHO MEDICO REGIÃO DO PLANALTO SERRANO,SC,65083926.66,21694642.22,12691929.0
PLANO ODONTOLÓGICO DENTALVIDAS LTDA.,SP,64954669.52,21651556.51,12121348.38
ASSOCIAÇÃO DOS FUNCIONÁRIOS DO FISCO DO ESTADO DE GOIÁS,GO,64518427.29,21506142.43,11746717.97
UNIMED DE PIRASSUNUNGA COOPERATIVA DE TRABALHO MÉDICO,SP,64382051.11,21460683.7,12394365.51
ASSOCIAÇÃO PARANAENSE DE ASSISTÊNCIA À SAUDE DOS MEMBROS DO MINISTERIO PUBLICO DO PARANÁ,PR,63351035.05,21117011.68,10442902.19
INTERMEDICI PIRACICABA ASSISTENCIA MEDICA LTDA,SP,63321496.95,21107165.65,11944468.99
CAIXA DE ASSISTÊNCIA DOS MAGISTRADOS DE PERNAMBUCO,PE,62544097.84,20848032.61,11430945.83
UNIMED DE MINEIROS COOPERATIVA DE TRABALHO MÉDICO ,GO,60811192.78,20270397.59,10900657.03
OPERADORA DE PLANOS PRIVADOS DE SAÚDE - SANTA CASA SAÚDE LTDA,MS,60721988.3,20240662.77,10056974.16
UNIODONTO DE SÃO JOSÉ DOS CAMPOS COOPERATIVA DE TRABALHO ODONTOLÓGICO,SP,60187609.06,20062536.35,10874332.14
UNIMED DE UBA COOPERATIVA DE TRABALHO MEDICO,MG,59687239.53,19895746.51,11196583.16
UNIMED PONTAL DO TRIÂNGULO - COOPERATIVA DE TRABALHO MÉDICO,MG,58579771.86,19526590.62,9502802.11
UNIMED TRÊS CORAÇÕES COOPERATIVA DE TRABALHO MÉDICO LTDA.,MG,58282627.51,19427542.5,10799553.84
FUNDAÇÃO FILANTRÓPICA E BENEFICENTE DE SAÚDE ARNALDO GAVAZZA FILHO,MG,57362803.98,19120934.66,10257168.42
AMEP FREGUESIA OPERADORA DE PLANO DE SAUDE LTDA,RJ,56985059.21,18995019.74,9371770.93
UNIMED REGIONAL DE TRES LAGOAS COOPERATIVA DE TRABALHO MÉDICO,MS,56269306.56,18756435.52,10402426.98
UNIMED VILHENA - COOPERATIVA DE TRABALHO MEDICO LTDA,RO,56190801.65,18730267.22,13356742.91
UNIMED VALE DO PIQUIRI-COOPERATIVA DE TRABALHO MÉDICO VALE DO PIQUIRI ,PR,55649898.73,18549966.24,9833227.53
UNIMED NORTE DO PARANÁ COOPERATIVA REGIONAL DE TRABALHO MÉDICO,PR,55302956.44,18434318.81,9501286.76
UNIMED CARATINGA - COOPERATIVA DE TRABALHO MÉDICO LTDA,MG,55299156.1,18433052.03,9288688.96
BRASILDENTAL OPERADORA DE PLANOS ODONTOLÓGICOS S.A.,SP,54699117.74,18233039.25,10121346.49
UNIMED VERTENTE DO CAPARAÓ - COOPERATIVA DE TRABALHO MÉDICO LTDA,MG,54598843.93,18199614.64,9556849.01
UNIMED NOROESTE DE MINAS COOPERATIVA DE TRABALHO MEDICO LTDA,MG,54380598.07,18126866.02,10333339.53
POLI SAUDE OPERADORA DE PLANO DE SAUDE LTDA,PR,53016062.97,17672020.99,9642301.22
UNIMED GURUPI COOPERATIVA DE TRABALHO MÉDICO,TO,52843323.22,17614441.07,8914130.2
AMPARA ASSISTÊNCIA MÉDICA PARAÍSO LTDA,MG,52789470.56,17596490.19,8999571.7
PREVIDENT ASSISTÊNCIA ODONTOLÓGICA S.A,SP,52188398.03,17396132.68,8742385.81
UNIMED PLANALTO CENTRAL/RS - COOPERATIVA DE ASSISTÊNCIA  À SAÚDE LTDA.,RS,52123502.82,17374500.94,10094170.28
SUL AMÉRICA PARANÁ CLÍNICAS SERVIÇOS DE SAÚDE S.A.,SP,51633802.49,17211267.5,14087501.24
UNIMED FRUTAL COOPERATIVA DE TRABALHO MEDICO LTDA,MG,51489885.48,17163295.16,8296746.96
UNIMED DE SAO JOSÉ DO RIO PARDO-COOP. DE TRAB. MÉDICO,SP,51389873.77,17129957.92,9307512.54
FUNDAÇÃO DE ASSISTÊNCIA À SAÚDE DA ASSOCIAÇÃO DO MINISTÉRIO PÚBLICO DO RIO GRANDE DO SUL,RS,51365823.02,17121941.01,10212938.32
UNIMED REGIÃO DA CAMPANHA/RS - COOPERATIVA DE ASSISTÊNCIA À SAÚDE LTDA.,RS,51257150.61,17085716.87,9071994.89
SF SISTEMAS DE SAÚDE LTDA,SP,51102054.63,17034018.21,10397248.98
UNIMED LEOPOLDINA COOPERATIVA DE TRABALHO MÉDICO LTDA,MG,49409109.46,16469703.15,10239124.04
UNIMED DE ADAMANTINA-COOPERATIVA DE TRABALHO MÉDICO,SP,48149790.11,16049930.04,8463321.36
ASSOCIAÇÃO PLANO DE SAÚDE SANTA CASA DE VALINHOS,SP,48139345.76,16046448.59,8475764.99
UNIMED ALFENAS COOPERATIVA DE TRABALHO MEDICO,MG,48031649.71,16010549.9,8603002.52
TERRAMAR ADMINISTRADORA DE PLANO DE SAUDE LTDA,BA,47359676.28,15786558.76,9422364.73
SBC SAÚDE LTDA.,SP,47048836.47,15682945.49,7652003.83
SOCIEDADE BENEFICENTE DEZOITO DE JULHO,MG,46916416.98,15638805.66,8296513.0
UNIMED DE DRACENA - COOPERATIVA DE TRABALHO MÉDICO,SP,46603988.88,15534662.96,8128893.98
ASSOCIAÇÃO POLICIAL DE ASSISTÊNCIA À SAÚDE DE RIBEIRÃO PRETO (APAS),SP,46304852.06,15434950.69,7909288.49
PLAMER PLANO MEDICO RESENDE LTDA,RJ,46111884.69,15370628.23,6974725.84
UNIMED DE MONTE ALTO - COOPERATIVA DE TRABALHO MÉDICO,SP,45601533.47,15200511.16,7919299.06
FILOSANITAS SAUDE LTDA,SP,45263251.89,15087750.63,8439352.67
IRMANDADE DA SANTA CASA DE MISERICÓRDIA E MATERNIDADE DONA ZILDA SALVAGNI,SP,45158573.09,15052857.7,7862936.63
UNIMED-RIO COOPERATIVA DE TRABALHO MEDICO DO RIO DE JANEIRO,RJ,43905275.41,43905275.41,
UNIMED CALDAS NOVAS - COOPERATIVA DE TRABALHO MEDICO,GO,43778931.74,14592977.25,7477865.04
UNIMED DE REGISTRO COOPERATIVA DE TRABALHO MÉDICO,SP,43716496.47,14572165.49,7319021.15
ASSOCIACAO DOS PROFESSORES UNIVERSITÁRIOS DA BAHIA,BA,42990324.37,14330108.12,7625127.26
UNIMED SÃO SEBASTIÃO DO PARAÍSO COOPERATIVA DE TRABALHO MÉDICO,MG,42744025.09,14248008.36,7420338.05
UNIMED TRÊS PONTAS - COOPERATIVA DE TRABALHO MÉDICO,MG,42632263.76,14210754.59,7433165.12
ADVANCE PLANOS DE SAÚDE LTDA,SP,42487948.39,14162649.46,7782476.37
ASSOCIAÇÃO DOS AUDITORES FISCAIS DA RECEITA ESTADUAL DO RIO DE JANEIRO,RJ,41941274.83,13980424.94,6179147.98
UNIODONTO BELÉM - COOPERATIVA DE ASSISTÊNCIA À SAÚDE ODONTOLÓGICA,PA,41902718.06,13967572.69,7360738.61
UNIMED REGIONAL DE FLORIANO - COOPERATIVA DE TRABALHO MÉDICO,PI,41808771.09,13936257.03,7128594.47
UNIMED VALE DO CORUMBÁ COOPERATIVA DE TRABALHO MEDICO,GO,41151778.84,13717259.61,7504109.18
ASSOCIAÇÃO DOS EMPREGADOS DA COMPANHIA ESTADUAL DE HABITAÇÃO E OBRAS PÚBLICAS - ASSEC,SE,40993810.66,13664603.55,7551041.8
TRINO - ALIANCA FILANTRÓPICA DE ASSISTÊNCIA E INTEGRAÇÃO PARA O DESENVOLVIMENTO DA SAUDE,ES,40930520.81,13643506.94,7963755.52
UNIMED SUDOESTE DE MINAS COOPERATIVA DE TRABALHO MÉDICO,MG,40828472.23,13609490.74,8314137.01
PRONTOCLINICA E HOSPITAIS SAO LUCAS S/A,MG,40760453.54,13586817.85,7406365.04
UNIMED REGIÃO DA FRONTEIRA - RS COOPERATIVA DE ASSISTÊNCIA À SAÚDE LTDA.,RS,40124974.0,13374991.33,7089448.08
ASSOCIAÇÃO SANTA CASA CLÍNICAS DE BIRIGUI,SP,40106341.7,13368780.57,7084172.82
SV SAUDE ADMINSTRADORES DE PLANO DE SAUDE LTDA,RJ,40014465.24,13338155.08,7326531.74
FEDERAÇÃO DAS COOP ODONTOLÓGICAS DO ESTADO DE SANTA CATARINA,SC,39286550.81,13095516.94,7403081.14
ASSOCIAÇÃO POLICIAL DE ASSISTÊNCIA A SAÚDE DA BAIXADA SANTISTA,SP,39032171.94,13010723.98,6312731.8
FUNDACAO CAPITAL PREVIDENCIA E SAUDE - CAPITAL PREV,ES,39028302.27,19514151.14,8457314.95
UNIX SAÚDE S.A,BA,38097944.74,12699314.91,6616134.87
PB ASSISTENCIA MEDICA EU LTDA,BA,37662784.06,12554261.35,8181540.35
ASSOCIAÇÃO POLICIAL DE ASSISTÊNCIA À SAÚDE DE ARAÇATUBA (APAS),SP,37268939.14,12422979.71,6097749.59
UNIMED SUDOESTE PAULISTA COOPERATIVA DE TRABALHO MÉDICO,SP,37183333.57,12394444.52,6469154.22
SANTA CASA DE MISERICORDIA HOSPITAL SÃO VICENTE,SP,37006761.88,12335587.29,6554588.82
"FEDERAÇÃO DAS SOCIEDADES COOPERATIVAS DE TRABALHO MÉDICO DO ACRE, AMAPÁ, AMAZONAS, PARÁ, RONDONIA E RORAIMA",AM,36918032.69,36918032.69,
CAIXA DE ASSISTÊNCIA DOS EMPREGADOS DO BANESE,SE,36127689.51,12042563.17,6061754.89
ATÍVIA SERVIÇOS DE SAÚDE S/A,SP,35493111.49,17746555.74,3835730.16
PESSOAL SAÚDE PLANOS DE ASSISTÊNCIA MÉDICA LTDA,SP,35484113.44,11828037.81,6202246.92
EVANGELICO SAUDE LTDA.,PR,34761835.18,11587278.39,5740043.33
COOPERATIVA DOS USUÁRIOS DE SERVIÇOS DE SAÚDE LTDA.,RS,33819143.19,11273047.73,6366348.59
UNIODONTO DE FORTALEZA COOPERATIVA DE TRABALHO ODONTOLOGICO LTDA,CE,33533939.41,11177979.8,5837008.48
ASSOCIAÇÃO GOIANA DO MINISTÉRIO PÚBLICO,GO,33283866.85,11094622.28,5913645.58
ALLIANZ SAÚDE S/A,SP,32422966.53,10807655.51,3919311.71
ASSOCIAÇÃO SAÚDE CONCEIÇÃO,SC,32135174.4,10711724.8,6095944.71
CAIXA DE ASSISTÊNCIA DOS EMPREGADOS DO BANEB,BA,31883484.09,10627828.03,3962559.68
UNIMED CACERES COOPERATIVA DE TRABALHO MÉDICO ,MT,31759388.42,10586462.81,5265321.99
AME VVIDA PLANOS DE SAUDE INTEGRADO LTDA.,RO,31438475.12,10479491.71,5339997.81
CAIXA DE ASSISTÊNCIA DO SINDFISCO - CASSIND,SE,31332223.65,10444074.55,5774695.03
SANTA CASA DE MISERICÓRDIA E BENEFICÊNCIA PORTUGUESA,SP,31168285.71,10389428.57,6198979.77
UNIODONTO REGIONAL COOPERATIVA ODONTOLOGICA,MG,30926940.4,10308980.13,5671047.72
MAIS SAUDE S/A,ES,30067203.76,15033601.88,10669027.51
UNIODONTO MACEIÓ COOPERATIVA ODONTOLÓGICA,AL,29740993.05,9913664.35,5215338.09
BIO SAÚDE SERVIÇOS MÉDICOS LTDA,SP,29568902.55,9856300.85,4774651.78
SOCIEDADE PORTUGUESA DE BENEFICÊNCIA,RS,29499003.49,9833001.16,5241147.29
UNIODONTO PORTO ALEGRE COOPERATIVA ODONTOLOGICA LTDA,RS,29446934.63,9815644.88,6163350.43
UNIDENTIS ASSISTENCIA ODONTOLOGICA LTDA.,PB,29342091.79,9780697.26,4909307.13
DESBAN - FUNDAÇÃO BDMG DE SEGURIDADE SOCIAL,MG,29183836.2,9727945.4,4855191.17
UNIODONTO PIRACICABA - COOPERATIVA ODONTOLÓGICA,SP,29082633.43,9694211.14,5400955.88
UNIODONTO/RN - COOPERATIVA ODONTOLOGICA DO RIO GRANDE DO NORTE,RN,28897419.15,9632473.05,5138323.51
ASSOCIAÇÃO VALEPARAIBANA DE ASSISTÊNCIA MÉDICA POLICIAL,SP,28302930.25,9434310.08,3489899.04
UNIMED REGIÃO DA PRODUÇÃO/RS - COOPERATIVA DE ASSISTÊNCIA À SAÚDE LTDA,RS,27781169.98,9260389.99,5402023.56
UNIODONTO DE SC COOPERATIVA ADMINISTRADORA DE CONTRATOS,SC,27726742.44,9242247.48,4940024.21
SANTA CASA DE SAÚDE - SCS,ES,27560748.39,9186916.13,5354626.88
UNIODONTO GOIANIA COOPERATIVA DE CIRURGIÕES DENTISTAS,GO,27439145.21,9146381.74,4931835.02
UNIMED SÃO JOÃO NEPOMUCENO COOPERATIVA DE TRABALHO MÉDICO LTDA.,MG,27393937.08,9131312.36,4833721.27
ATITUDE SAÚDE ASSISTÊNCIA MEDICA LTDA,BA,26971823.53,8990607.84,5239004.29
UNIMED DE PENAPOLIS - COOPERATIVA DE TRABALHO MEDICO,SP,26228831.63,8742943.88,5275400.64
UNIMED DE JATAÍ COOPERATIVA DE TRABALHO MÉDICO LTDA.,GO,25965374.28,8655124.76,4943828.6
HOSPITAL DE PRONTOCLINICA LTDA.,RS,25551239.89,8517079.96,4213378.71
UNIMED MACHADO COOPERATIVA DE TRABALHO MEDICO,MG,25264551.2,8421517.07,4580668.7
UNIMED VALE DO CARANGOLA COOPERATIVA DE TRABALHO MEDICO LTDA,MG,25171301.45,8390433.82,4500609.25
FUNASA SAÚDE,PB,24996006.83,8332002.28,4475865.02
NACIONAL ODONTO OPERADORA DE PLANOS ODONTOLÓGICOS LTDA.,PE,24628998.22,8209666.07,4055610.56
AURORA SAÚDE LTDA,MG,24535483.91,8178494.64,5053360.75
UNIMED ALTO JACUÍ/RS - COOPERATIVA DE ASSISTÊNCIA À SAÚDE LTDA,RS,24110155.79,8036718.6,3857214.42
UNIMED PATOS - COOPERATIVA DE TRABALHO MÉDICO,PB,23857790.32,7952596.77,4422373.22
COOPERATIVA DOS USUÁRIOS DE SERVIÇOS DE SAÚDE DO VALE DO RIO DOS SINOS LTDA,RS,23785655.5,7928551.83,3931335.89
CARE PLUS ODONTOLOGIA ASSISTENCIAL LTDA.,SP,22863385.15,7621128.38,6765873.97
RIO DOCE SAÚDE,ES,22861517.03,7620505.68,4218229.47
VIDA TOP MAIS SAÚDE OPERADORA DE PLANOS DE SAÚDE LTDA.,SP,22760529.86,7586843.29,4638718.15
ON MED ASSISTÊNCIA MÉDICA LTDA,RS,22319128.34,7439709.45,5463249.41
R.M.I. OPERADORA DE SAÚDE INTEGRADA LTDA,SP,22021317.66,11010658.83,3401098.47
ASSOCIACAO POLICIAL DE ASSISTENCIA A SAUDE DE PRESIDENTE PRUDENTE (APAS),SP,21893988.12,7297996.04,4043911.76
UNIMED PONTE NOVA COOPERATIVA DE TRABALHO MEDICO LTDA,MG,21838755.97,7279585.32,4143177.09
UNIODONTO DE JOÃO PESSOA COOPERATIVA ODONTOLÓGICA,PB,21819023.21,7273007.74,3254904.29
VIVENTERIS LTDA,PR,21037418.58,7012472.86,3773076.54
UNIMED REGIONAL DE PICOS - COOPERATIVA DE TRABALHO MÉDICO,PI,21012800.12,7004266.71,3605941.46
ASSOCIAÇAO UNISAUDE MARAU,RS,20922243.1,6974081.03,3432876.69
SUL DO PARÁ LTDA,PA,20830054.23,6943351.41,2386761.76
TOTAL ASSISTÊNCIA MÉDICA HOSPITALAR LTDA,MG,20400383.15,6800127.72,3511603.89
ASSOCIAÇÃO POLICIAL DE ASSISTÊNCIA A SAÚDE,SP,20348295.2,6782765.07,3599016.24
UNIMED DE CORUMBA COOPERATIVA DE TRABALHO MÉDICO,MS,20296630.68,6765543.56,3947456.74
ODONTO EMPRESAS CONVENIOS DENTARIOS LTDA.,SP,19846633.42,6615544.47,3514459.94
UNIMED MORRINHOS COOPERATIVA DE TRABALHO MEDICO,GO,19563734.7,6521244.9,3950200.01
UNIODONTO DO BRASIL CENTRAL NACIONAL DAS COOPERATIVAS ODONTÓLOGICAS,SP,19530587.94,6510195.98,3783886.55
ASSOCIACAO DE SAUDE HOLAMBRA,SP,19166372.99,6388791.0,3582982.16
ODONTOGROUP SISTEMA DE SAÚDE LTDA.,DF,19093145.77,6364381.92,3372181.72
UNIMED DO OESTE DA BAHIA COOPERATIVA DE TRABALHO MÉDICO,BA,18915952.32,6305317.44,4074774.99
"ASSOCIAÇÃO DOS SERVIDORES MUNICIPAIS, ESTADUAIS E FEDERAIS DO RIO DE JANEIRO",RJ,18901491.49,6300497.16,3284553.56
UNIMED SOUSA - COOPERATIVA DE TRABALHO MÉDICO,PB,18726821.42,6242273.81,2814449.16
FUNDAÇÃO PLAMHUV - PLANO MÉDICO HOSPITALAR DOS HOSPITAIS UNIDOS DE VIÇOSA,MG,18323555.31,6107851.77,3494458.9
HOSPITAL CESAR LEITE,MG,18019610.22,6006536.74,3500486.39
UNIODONTO PAULISTA-FEDERAÇÃO DAS COOPERATIVAS ODONTOLÓGICAS DO ESTADO DE SÃO PAULO,SP,17936406.37,5978802.12,3269223.54
ASSOCIAÇÃO DOS FUNCIONÁRIOS FISCAIS DO ESTADO DO AMAZONAS - AFFEAM,AM,17191045.51,5730348.5,3753418.83
OPLAN SAÚDE OPERADORA DE PLANO DE SAÚDE LTDA,RJ,17129746.25,5709915.42,3180779.93
UNIODONTO DE MANAUS - COOPERATIVA ODONTOLÓGICA LTDA.,AM,16658539.89,5552846.63,2733592.16
SOCIEDADE DE ASSISTÊNCIA MÉDICA - SAMEISA,RS,16609677.09,5536559.03,2888163.0
"CAIXA DE ASSISTÊNCIA À SAÚDE DOS TRABALHADORES NAS INDÚSTRIAS METALÚRGICAS, MECÂNICAS E DO MATERIAL ELÉTRICO DE BRUSQUE",SC,16556440.91,5518813.64,3022697.48
ASSOCIAÇÃO BENEFICENTE CATÓLICA,MG,16120312.08,5373437.36,2798238.0
SISTEMA TOTAL DE SAÚDE LTDA.,SP,15911906.56,5303968.85,2653520.84
CAIXA ASSISTENCIAL UNIVERSITARIA DO RIO DE JANEIRO,RJ,15777890.59,5259296.86,2748659.14
ANGELI SISTEMAS DE SAUDE S.A.,PR,15414761.42,5138253.81,2739833.02
HOSPITAL S.P. LTDA.,RS,15246610.37,5082203.46,2413900.65
ASSOCIAÇÃO POLICIAL DE ASSISTENCIA À SAUDE DE SAO JOAO DA BOA VISTA,SP,15186245.77,5062081.92,2788408.93
UNIMED CAMPO BELO- COOPERATIVA DE TRABALHO MÉDICO,MG,14622740.68,4874246.89,2380047.5
AME-ASSISTÊNCIA MÉDICA A EMPRESAS LTDA,MG,14510938.95,4836979.65,2441260.54
PRIMA VIDA ODONTOLOGIA DE GRUPO LIMITADA,RJ,14489221.39,4829740.46,2278413.7
PLAMESC PLANOS DE SAÚDE LTDA,RJ,14250258.43,4750086.14,2316843.31
PORTOMED - PORTO SEGURO SERVIÇOS DE SAUDE LTDA,SP,14157909.27,4719303.09,4663994.7
CONFIANÇA ASSISTÊNCIA MÉDICO HOSPITALAR LTDA,MG,13875672.73,4625224.24,2528343.07
PRONTO SOCORRO CONDE DE MOREIRA LIMA,SP,13449626.11,4483208.7,2504599.6
UNIODONTO DE AMERICANA COOPERATIVA ODONTOLÓGICA,SP,13404862.58,4468287.53,2453108.75
SANTA CASA DE MISERICÓRDIA DE TUPÃ,SP,13213144.24,4404381.41,2071442.1
ASSOCIACAO CIVIL PRÓ-SAÚDE DOS SERVIDORES DA UNIVERSIDADE ESTADUAL DE PONTA GROSSA,PR,13161770.35,4387256.78,2333617.14
ORALE ASSISTÊNCIA ODONTOLÓGICA LTDA,BA,13100420.05,4366806.68,2192914.87
SERVDONTO - PLANO DE ASSISTÊNCIA ODONTOLÓGICA LTDA,SE,12938886.72,4312962.24,2266158.15
ASSOCIAÇÃO UNIVIDA SANTA RITA DO PASSA QUATRO,SP,12740293.46,4246764.49,2109542.35
MEDIC GLOBAL PLANOS DE SAÚDE LTDA.,MG,12595330.33,4198443.44,2529798.18
COMSEDER - COOPERATIVA DE ASSISTÊNCIA MÉDICA DOS SERVIDORES DA SUPLAN E DO DER LTDA,PB,12486200.07,4162066.69,2123254.3
MEDGOLD ASSISTENCIA MEDICA LTDA - ME,MG,12323662.7,4107887.57,2111928.54
ASSOCIACAO POLICIAL DE ASSISTENCIA A SAUDE DE ITAPETININGA,SP,12116571.93,4038857.31,2124362.04
TELOS - FUNDAÇÃO EMBRATEL DE SEGURIDADE SOCIAL,RJ,11861210.63,3953736.88,2514534.37
VOCÊ TOTAL PLANOS DE SAÚDE LIMITADA,SP,11597210.7,5798605.35,1980402.16
UNIODONTO UBERABA - COOPERATIVA DE ASSISTÊNCIA À SAÚDE ODONTOLÓGICA LTDA,MG,11387032.71,3795677.57,2261214.48
PLENUM ASSISTENCIA MEDICA  LTDA,DF,10897990.71,5448995.36,2436202.93
DONA SAÚDE CLINICAS LTDA ,SP,10836519.09,3612173.03,463717.34
FUNDO DE ASSISTÊNCIA MÉDICO-HOSPITALAR DO MINISTÉRIO PÚBLICO,MS,10759445.38,3586481.79,2302520.8
NOSAMED ASSISTÊNCIA MÉDICA LTDA.,SP,10597095.86,3532365.29,1904414.42
UNIMED DE BATATAIS - COOPERATIVA DE TRABALHO MÉDICO,SP,10594634.16,3531544.72,1931719.5
PERSONAL CARE OPERADORA DE SAÚDE SA,SP,10533459.5,5266729.75,1442400.8
UNIODONTO DE SOROCABA COOPERATIVA ODONTOLÓGICA,SP,10517312.31,3505770.77,1964883.88
S1 OPERADORA DE PLANO DE SAÚDE LTDA,DF,10298939.37,3432979.79,1935632.69
CAIXA BENEFICENTE DOS FUNCIONÁRIOS DO GRUPO IGUAÇU,PR,10241405.53,3413801.84,1583890.98
ASSOCIAÇÃO POLICIAL DE ASSISTÊNCIA À SAÚDE DE BARRETOS,SP,10199327.13,3399775.71,1689447.15
PLANO ASSISTENCIAL SÃO LUCAS LTDA,MG,10088027.78,3362675.93,1644056.22
CARING SAÚDE ASSISTÊNCIA MÉDICA LTDA.,RJ,9729203.52,3243067.84,1751329.67
UNIODONTO DE ARARAQUARA COOPERATIVA ODONTOLÓGICA,SP,9683355.26,3227785.09,1728231.41
UNIODONTO VALE HISTORICO COOPERATIVA ODONTOLOGICA,SP,9679129.96,3226376.65,1842827.55
CEDPLAN SAÚDE LTDA EPP,MG,9554508.99,3184836.33,1736147.34
SEMPRE ODONTO PLANOS ODONTOLOGICOS LTDA,RJ,9553063.84,3184354.61,1618613.09
UNIODONTO DO SUL GOIANO COOPERATIVA ODONTOLOGICA,GO,9130767.48,3043589.16,1506236.01
ASSOCIAÇÃO DOS SERVIDORES PÚBLICOS DA ADMINISTRAÇÃO DIRETA DO GOVERNO DO ESTADO DO PARÁ - ASPARÁ,PA,8821437.22,2940479.07,1509968.26
UNIODONTO DE JUNDIAÍ COOPERATIVA ODONTOLÓGICA,SP,8796987.22,2932329.07,1556019.38
ODONTOART PLANOS ODONTOLÓGICOS LTDA,CE,8741130.03,2913710.01,1540273.66
COOPERATIVA ODONTOLÓGICA POÇOS DE CALDAS,MG,8603468.17,2867822.72,1395274.34
UNIODONTO ESPIRITO SANTO COOPERATIVA ODONTOLOGICA,ES,8235732.23,2745244.08,1485405.37
ASSOCIAÇÃO HOSPITAL SAÚDE DE VARGEM GRANDE DO SUL,SP,8164929.22,2721643.07,1328970.01
UNIODONTO MARINGA COOPERATIVA ODONTOLOGICA,PR,8121056.26,2707018.75,1490647.73
ASSOCIAÇÃO POLICIAL DE ASSISTÊNCIA À SAÚDE DE PRESIDENTE VENCESLAU,SP,8060244.89,2686748.3,1381114.31
ASSOCIAÇÃO POLICIAL DE ASSISTÊNCIA À SAÚDE DE DRACENA,SP,7759407.49,2586469.16,1563747.49
DENTALPAR ASSISTÊNCIA ODONTOLÓGICA EMPRESARIAL LTDA.,SP,7735498.58,2578499.53,1413877.67
PRESERVE SAUDE ASSISTENCIA MEDICA LTDA,BA,7634368.92,2544789.64,1222046.5
PLANO VIDA SAUDE SERVIÇOS ODONTOLOGICOS LTDA,SE,7579842.09,2526614.03,1468225.55
SEPACO SAÚDE LTDA,SP,7485293.2,2495097.73,1363667.09
VALE PLANOS DE SAÚDE LTDA,PE,7301568.56,2433856.19,1950193.87
UNIODONTO DE LONDRINA COOP. ODONTOLÓGICA,PR,6996892.79,2332297.6,1242411.9
UNIODONTO DE PRESIDENTE PRUDENTE COOPERATIVA ODONTOLOGICA,SP,6968336.1,2322778.7,840105.29
AESP ODONTO ASSISTÊNCIA ODONTOLÓGICA S/S LTDA EPP,SP,6958666.08,2319555.36,1342525.24
SD-M OPERADORA DE PLANOS DE SAUDE LTDA,RJ,6942231.38,2314077.13,1239616.72
COOPERATIVA ODONTOLÓGICA DO ESTADO DO AMAPÁ,AP,6915264.4,2305088.13,1227172.46
DENTAL CENTER LTDA,PB,6807693.18,2269231.06,1181382.54
RODRIGUES LEIRA ODONTOLOGIA LTDA.,SP,6705649.11,2235216.37,1191447.93
PLANO DE ASSISTÊNCIA MÉDICA MINEIRA LTDA,MG,6652068.47,2217356.16,1463246.82
SAMIG - SERV. DE ASSISTENCIA MEDICA DA ILHA DO GOVERNADOR LTDA,RJ,6533908.1,2177969.37,723277.0
CAIXA DE ASSISTÊNCIA DOS EMPREGADOS DO SETOR PÚBLICO DO ESTADO DE GOIÁS - CAEME,GO,6517018.87,2172339.62,1206465.15
ASSOCIAÇÃO SAÚDE RURAL ALEGRETE,RS,6472274.95,2157424.98,1429198.6
UNIODONTO JACAREÍ COOPERATIVA ODONTOLÓGICA,SP,6462261.59,2154087.2,1165130.63
CAMIM OPERADORA DE PLANO DE SAÚDE LTDA,RJ,6411527.77,2137175.92,1138642.42
ASSOCIACAO DOS SERVIDORES DA EMDAGRO - ASSEM,SE,6342369.03,2114123.01,1113100.96
ASSOCIAÇÃO POLICIAL DE ASSISTÊNCIA À SAÚDE DE JAÚ,SP,6223402.63,2074467.54,866409.98
ASSOCIAÇÃO POLICIAL DE ASSISTÊNCIA À SAÚDE APAS,SP,6171098.16,2057032.72,601418.04
ASSOCIAÇÃO POLICIAL DE ASSISTENCIA A SAUDE DE BOTUCATU,SP,6123839.79,2041279.93,1412276.93
DENTAL MASTER LTDA - EPP,AL,6039051.68,2013017.23,989794.97
UNIMED CAJAZEIRAS - SOCIEDADE COOPERATIVA DE TRABALHO MÉDICO,PB,5948562.85,1982854.28,1073938.03
HSMED SAUDE LTDA,RJ,5946681.71,1982227.24,1059357.31
MH VIDA - OPERADORA DE PLANOS DE SAÚDE LTDA,RJ,5773982.0,1924660.67,1131165.74
BENEFICENCIA SOCIAL BOM SAMARITANO,MG,5745539.28,1915179.76,1154137.41
SANTA CASA DE MISERICÓRDIA E ASILO DOS POBRES DE BATATAIS,SP,5717843.96,1905947.99,896969.44
ODONTOLIVE OPERADORA DE PLANOS ODONTOLÓGICOS LTDA.,SP,5460436.99,1820145.66,1025557.86
UNIODONTO RS FEDERACAO DAS UNIODONTOS DO RGS LTDA,RS,5367267.56,1789089.19,921990.9
DENTAL GOLD ASSISTÊNCIA ODONTOLÓGICA LTDA.,PB,5302632.21,1767544.07,869670.35
DENTAL PLUS CONVÊNIO ODONTOLÓGICO LTDA.,SP,5150569.12,1716856.37,926712.02
UNIODONTO DE SERTAOZINHO SP COOPERATIVA ODONTOLOGICA,SP,5083041.36,2541520.68,823170.58
SALUSMED OPERADORA DE PLANOS DE SAUDE LTDA,SP,5024457.74,1674819.25,1176218.21
ODONT-OPERADORA ODONTOLOGICA LTDA,SP,4887381.52,1629127.17,766697.5
UNIMED NORTE/NORDESTE-FEDERAÇÃO INTERFEDERATIVA DAS SOCIEDADES COOPERATIVAS DE TRABALHO MÉDICO EM RECUPERAÇÃO JUDICIAL,PB,4851281.62,1617093.87,911748.61
ASSOCIAÇÃO POLICIAL DE ASSISTÊNCIA À SAÚDE - VALE DO RIBEIRA,SP,4822676.88,1607558.96,751896.75
PD BRASIL ASSISTENCIA ODONTOLOGICA LTDA,MG,4694598.25,1564866.08,696793.7
UNIODONTO DE PINDAMONHANGABA COOP ODONTOLOGICA,SP,4638634.08,1546211.36,549109.97
"ASSOC DE ASSIST À SAÚDE DOS SERV DAS UNIV E INST FED, EST E/OU FAC PART EM PE",PE,4633662.43,1544554.14,617412.95
COOPERATIVA DE TRABALHO ODONTOLOGICO - UNIODONTO ITAJUBÁ,MG,4545201.79,1515067.26,860816.56
YOU ASSISTÊNCIA MÉDICA LTDA.,MG,4309234.67,4309234.67,
GAMA SAUDE LTDA.,SP,4279064.3,2139532.15,661859.1
CEAM BRASIL - PLANOS DE SAÚDE LTDA,MG,4262970.73,4262970.73,
ASSOCIAÇÃO PADRE PIO PLANOS DE SAÚDE,SP,4207078.17,1402359.39,693097.42
PREVENT SENIOR CORPORATE OPERADORA DE SAÚDE LTDA.,SP,4067514.46,1355838.15,578095.76
PORTO DIAS SAUDE LTDA.,PA,3945199.94,1315066.65,768339.87
ASSOCIAÇÃO SERVIÇOS ODONTOLÓGICOS DA INDÚSTRIA DE MINAS GERAIS - ODONTOINDUSTRIA,MG,3848443.7,1282814.57,695852.08
ÔNIX OPERADORA DE PLANOS DE SAÚDE LTDA,RJ,3751828.82,1250609.61,785993.9
CENTRO DE ENDOCRINOLOGIA DE JUNDIAÍ S/S LTDA,SP,3700476.85,1233492.28,610822.09
PLANO DE ASSISTÊNCIA ODONTOLÓGICA FAUCHARD LTDA. ME,BA,3570147.87,1190049.29,637978.85
ASSOCIAÇÃO DOS FISCAIS DE TRIBUTOS ESTADUAIS DO RS - AFISVEC,RS,3311291.03,1103763.68,669447.89
QUALIDONTO - QUALIDADE EM ODONTOLOGIA LTDA ,BA,3285732.18,1095244.06,677695.72
HEALTH-MED SISTEMA DE SAUDE LTDA,RJ,3217637.77,1072545.92,619168.39
UNIODONTO DE MATO GROSSO COOP TRAB ODONTOLOGICO LTDA,MT,2848647.94,949549.31,514586.71
BLUZZ SAÚDE S/A,ES,2774706.65,924902.22,777996.31
ODONTO SEG OPERADORA DE PLANOS ODONTOLOGICOS S.A.,SP,2635324.38,878441.46,384022.13
SANTA CASA DA MISERICÓRDIA DE SÃO JOÃO DEL REI,MG,2122604.05,707534.68,332964.31
SAME-SERVIÇO DE ASSISTÊNCIA MÉDICA EMPRESARIAL LTDA.,MA,2046916.83,682305.61,326002.97
HOSPITAL DE CARIDADE SÃO VICENTE DE PAULO,PR,2026490.14,675496.71,32912.54
INNOVA PLANO DE SAUDE LTDA,RO,1920992.87,960496.44,845800.9
SISTEMA PREVSAUDE DENTAL LTDA,CE,1906012.78,635337.59,311057.93
NOVODENTE S/A,RS,1858605.97,1858605.97,
CASA DE SAÚDE NOSSA SENHORA DE FÁTIMA  LTDA.,CE,1782120.91,594040.3,324392.51
SORRIDEN CONVÊNIOS ODONTOLÓGICOS S.A.,SP,1757112.95,585704.32,279289.05
CROWN ODONTOLOGIA DE GRUPO LTDA,SP,1631375.75,543791.92,287324.32
INFINITY SAÚDE SUPLEMENTAR LTDA,MT,1598984.71,532994.9,366582.4
MEDHEALTH PLANOS DE SAÚDE LTDA,PR,1484944.68,1484944.68,
UNIMED INTRAFEDERATIVA FEDERAÇÃO REGIONAL SUL DE MINAS,MG,1484488.45,494829.48,276015.45
BRASIL ODONTO OPERADORA DE PLANOS ODONTOLÓGICOS LTDA,TO,1257338.9,419112.97,191347.33
PLAMEDH - PLANO DE ASSISTÊNCIA MÉDICO-HOSPITALAR LTDA,MG,1087155.02,543577.51,144135.39
ODONTO PRIME S/S LTDA,CE,937985.75,312661.92,162963.58
EXCELÊNCIA PLANO DE SAÚDE S/A,ES,801593.92,267197.97,424304.9
POLIMÉDICA SAÚDE SOCIEDADE SIMPLES LTDA,RS,755876.19,251958.73,125017.02
ODILE SERVIÇOS DE SAÚDE LTDA.,SP,731806.59,365903.3,258243.63
PLANO SIGMA SAÚDE LTDA,SP,703992.95,351996.48,34588.57
ASSISTÊNCIA MÉDICA 12 DE OUTUBRO LTDA,SP,696205.41,232068.47,141523.95
G & M ASSESSORIA MEDICA EMPRESARIAL LTDA,RJ,674255.52,224751.84,137431.63
SAUDIA ASSISTENCIA MÉDICA LTDA,MG,645586.13,215195.38,153177.1
CAIXA SEGURADORA ESPECIALIZADA EM SAÚDE S/A,SP,579813.38,289906.69,349479.64
BEMSTAR ASSISTENCIA MEDICA LTDA,BA,523330.42,174443.47,44257.43
ALMA ODONTO OPERADORA DE PLANOS ODONTOLOGICOS LTDA,SP,511267.24,170422.41,36004.0
UNIMED VALE DO URUCUIA - COOPERATIVA DE TRABALHO MEDICO LTDA,MG,505869.32,168623.11,103995.48
SMART CARE SISTEMAS MÉDICOS E ODONTOLÓGICOS LTDA.,SP,500806.26,250403.13,0.0
FUNDO DE ASSISTÊNCIA À SAÚDE DOS FUNCIONÁRIOS DO BEC,CE,313109.39,104369.8,72567.05
UNIMED ALTO PARANAIBA COOPERATIVA DE TRABALHO MEDICO,MG,241246.07,80415.36,15093.67
CLÍNICA SÃO GABRIEL S/S LTDA,SP,212078.78,70692.93,45922.4
LIVRI OPERADORA DE PLANO DE SAÚDE LTDA,SP,180751.12,60250.37,41264.77
SAGRADA SAÚDE ASSISTÊNCIA MÉDICA LTDA,MG,132727.15,44242.38,39565.94
EVO SAUDE ASSISTENCIA MEDICA LTDA,DF,93393.22,31131.07,48625.73
BIORAL SISTEMA ODONTOLÓGICO LTDA.,SP,75758.4,25252.8,9880.04
SOCIODONTO PLANO DE ASSISTÊNCIA ODONTOLÓGICA LTDA,MG,62434.93,31217.46,35711.76
SAUDE SALV ASSISTENCIA MEDICA LTDA,RO,40578.82,40578.82,
UNIMED PARAIBA - FEDERAÇAO DAS SOCIEDADES COOPERATIVAS DE TRABALHO MEDICO,PB,7330.89,2443.63,2163.73
ARL ADMINISTRADORA DE BENEFÍCIOS LTDA.,SP,5680.0,2840.0,0.0
INTERCLINICAS PLANO VIDA USA OPERADORA DE SAUDE LTDA,SP,2848.8,2848.8,
ASSOCIAÇÃO FCA SAÚDE,MG,0.34,0.17,0.0
